restaurant_name,restaurant_url,menu_name,section,name,description,price
Mazzone Hospitality,https://www.mazzonehospitality.com/,Classic Menu,TIER I,SALMON AND AVOCADO CRUDO,"whipped avocado, breakfast radish, trout roe, pastry spoon",
Mazzone Hospitality,https://www.mazzonehospitality.com/,Classic Menu,TIER I,PORK AND LEEK DUMPLING,black vinegar ponzu,
Mazzone Hospitality,https://www.mazzonehospitality.com/,Classic Menu,TIER I,TEMPURA SWEET POTATO FUTOMAKI (V),"roasted sweet potato, pickled daikon,
egg yolk tamago, shiitake, dark soy yuzu",
Mazzone Hospitality,https://www.mazzonehospitality.com/,Classic Menu,TIER I,CRAB AND CORN FRITTER,lemon basil aioli,
Mazzone Hospitality,https://www.mazzonehospitality.com/,Classic Menu,TIER I,NASHVILLE HOT CHICKEN BITE,"Old Chatham blue cheese mousse, hot honey",
Mazzone Hospitality,https://www.mazzonehospitality.com/,Classic Menu,TIER I,"VEGETABLE SAMOSA (V, VG)","potato, pea, carrot, tumeric, cilantro chutney",
Mazzone Hospitality,https://www.mazzonehospitality.com/,Classic Menu,TIER I,"SHISHITO RELLENOS (GF, V)","tomato rice, corn, pinto beans, cotija, salsa roja",
Mazzone Hospitality,https://www.mazzonehospitality.com/,Classic Menu,TIER I,ARANCINI (choose one),"- saffron and fontina (V)
- roasted red pepper and basil pesto (V)",
Mazzone Hospitality,https://www.mazzonehospitality.com/,Classic Menu,TIER I,"SPICY GAZPACHO SHOOTER (GF, V, VG)","tomato, jalapeño, vegetables",
Mazzone Hospitality,https://www.mazzonehospitality.com/,Classic Menu,TIER I,CHATEAUBRIAND CROSTINI,"caramelized onion, horseradish mousse",
Mazzone Hospitality,https://www.mazzonehospitality.com/,Classic Menu,TIER I,TOMATO BISQUE (V),"oven charred tomato shooter, grilled cheese skewer,
basil oil",
Mazzone Hospitality,https://www.mazzonehospitality.com/,Classic Menu,TIER I,CHICKEN AND GREEN ONION CHOPSTICK (GF),Thai garlic sauce,
Mazzone Hospitality,https://www.mazzonehospitality.com/,Classic Menu,TIER I,BRÛLÉED FIGS (GF),"ricotta feta mousse, wrapped in prosciutto",
Mazzone Hospitality,https://www.mazzonehospitality.com/,Classic Menu,TIER I,MINI L.A. STREET DOGS (GF),"bacon-wrapped, pico de gallo, queso fundido",
Mazzone Hospitality,https://www.mazzonehospitality.com/,Classic Menu,TIER I,CHICKEN KEBOB (GF),harissa yogurt dip,
Mazzone Hospitality,https://www.mazzonehospitality.com/,Classic Menu,TIER I,"CHICKPEA PANISSE (V, VG)","olive tapenade, pickled fennel",
Mazzone Hospitality,https://www.mazzonehospitality.com/,Classic Menu,TIER I,BASIL PESTO RUBBED CHICKEN SATAY (GF),grilled sweet tomato jam,
Mazzone Hospitality,https://www.mazzonehospitality.com/,Classic Menu,TIER I,"DEEP FRIED BUFFALO CAULIFLOWER (GF, V, VG)","spiced almond flour, vegan ranch dressing",
Mazzone Hospitality,https://www.mazzonehospitality.com/,Classic Menu,TIER II,EAST COAST FRIED OYSTERS ON THE HALF SHELL,"cracker-crusted, Old Bay corn remoulade",
Mazzone Hospitality,https://www.mazzonehospitality.com/,Classic Menu,TIER II,CAJUN WONTON,"chorizo, spring onion, pepper jack cheese, cream cheese,
habanero red sauce",
Mazzone Hospitality,https://www.mazzonehospitality.com/,Classic Menu,TIER II,BAKED BRIE AND CARAMELIZED ONION TART (V),"black truffle, sweet onion",
Mazzone Hospitality,https://www.mazzonehospitality.com/,Classic Menu,TIER II,CAVIAR AND NEW POTATO CROQUETTES,"American sturgeon caviar, dill, crème fraîche",
Mazzone Hospitality,https://www.mazzonehospitality.com/,Classic Menu,TIER II,LAMB LOLLIPOP (GF),broccoli rabe mint pesto,
Mazzone Hospitality,https://www.mazzonehospitality.com/,Classic Menu,TIER II,WAGYU BEEF EMPANADA,charred poblano chimichurri,
Mazzone Hospitality,https://www.mazzonehospitality.com/,Classic Menu,TIER II,TEMPURA SURF AND TURF ROLLS,"crispy roll, lobster, filet mignon, cream cheese, sweet soy,
ginger sweet chili aioli",
Mazzone Hospitality,https://www.mazzonehospitality.com/,Classic Menu,TIER II,BRAISED SHORT RIB AND MUSHROOM ARANCINI,parmesan cheese,
Mazzone Hospitality,https://www.mazzonehospitality.com/,Classic Menu,TIER II,SALMON SASHIMI BITE (GF),"crispy sweet rice cake, Osetra caviar,
charred scallion, crème fraîche",
Mazzone Hospitality,https://www.mazzonehospitality.com/,Classic Menu,TIER II,LAMB KEFTA KEBAB (GF),cucumber tzatziki,
Mazzone Hospitality,https://www.mazzonehospitality.com/,Classic Menu,TIER II,SASHIMI SESAME MISO CONE (choose one),"yellow tail, preserved Meyer lemon, cucumber dill yogurt
ahi tuna, toasted nori, black sesame seeds, wasabi chili aioli",
Mazzone Hospitality,https://www.mazzonehospitality.com/,Classic Menu,TIER II,BIG EYE TUNA SUSCI,"preserved black truffles, arugula, crispy capers",
Mazzone Hospitality,https://www.mazzonehospitality.com/,Classic Menu,TIER II,"GRILLED HALLOUMI AND WATERMELON KEBAB (GF, V)","Vincotto gastrique, torn mint leaves",
Mazzone Hospitality,https://www.mazzonehospitality.com/,Classic Menu,TIER II,LOBSTER MAC AND CHEESE BITES,"whipped corn, chive",
Mazzone Hospitality,https://www.mazzonehospitality.com/,Classic Menu,TIER II,VIETNAMESE STEAK TARTARE,"nuoc cham, birds eye chili, lime juice, rice cracker chip",
Mazzone Hospitality,https://www.mazzonehospitality.com/,Classic Menu,TIER II,DUCK RILLETTE CROSTINI,"toasted baguette, pickled cherries, balsamic vinegar",
Mazzone Hospitality,https://www.mazzonehospitality.com/,Classic Menu,TIER II,MINI SOUTHERN SHRIMP AND GRITS,"cherry tomato, charred scallions",
Mazzone Hospitality,https://www.mazzonehospitality.com/,Classic Menu,GRAZING STATION,CHEESE AND SALUMI,"variety of domestic and international cheeses made from cow, sheep and goats milk, fire roasted red pepper and pimento cheese, old world artisanal charcuterie, dried fruits, local honey, nuts, berries, mediterranean olives, garlic toasts, crackers, flatbreads
GF - with crackers and bread omitted
V - with meats omitted",
Mazzone Hospitality,https://www.mazzonehospitality.com/,Classic Menu,GRAZING STATION,HUMMUS TRIO,"sweet potato hummus (GF, V, VG), garlic white bean hummus (GF, V, VG), cilantro lime hummus (GF, V, VG), toasted pita (V, VG), flatbread crackers (V, VG)",
Mazzone Hospitality,https://www.mazzonehospitality.com/,Classic Menu,GRAZING STATION,FARM STAND VEGETABLE CRATE,"(GF, V, VG) selections inspired by the growing seasons heirloom carrots, radishes, beets, pole beans, pea pods, tomatoes, radicchio, romaine leaf, asparagus, cucumber, peppers",
Mazzone Hospitality,https://www.mazzonehospitality.com/,Classic Menu,GRAZING STATION,DIPS,"cucumber tzatziki ranch (GF, V), caramelized onion and sour cream (GF, V)",
Mazzone Hospitality,https://www.mazzonehospitality.com/,Classic Menu,GRAZING STATION,SARATOGA KETTLE CHIP NACHOS,"flash fried potato chips, slow cooked pulled short rib, banana vinegar peppers, tomato, red onion, Vermont cheddar",
Mazzone Hospitality,https://www.mazzonehospitality.com/,Classic Menu,,UPGRADED ARTISANAL LOCAL CHEESE AND SALUMI,(can also be added to table as a shareable board for plated dinner or as a station),
Mazzone Hospitality,https://www.mazzonehospitality.com/,Classic Menu,,NEW YORK STATE LOCAL PARTNERS,"Nettle Meadow, Argyle, Old Chatham, Jacuterie, Jasper Hill, Forts Ferry Farm",
Mazzone Hospitality,https://www.mazzonehospitality.com/,Classic Menu,UPGRADED SELECTIONS,PANCETTA-WRAPPED CHICKEN THIGHS,"(GF) vinegar peppers, sweet sausage, sage, garlic",
Mazzone Hospitality,https://www.mazzonehospitality.com/,Classic Menu,UPGRADED SELECTIONS,CHICKEN AND SPINACH MEATBALLS,madeira tomato pan gravy,
Mazzone Hospitality,https://www.mazzonehospitality.com/,Classic Menu,UPGRADED SELECTIONS,ROAST PORK SHOULDER,"(GF) polenta, fennel, garlic, rosemary rubbed, pan jus",
Mazzone Hospitality,https://www.mazzonehospitality.com/,Classic Menu,UPGRADED SELECTIONS,BAKED CRAB DIP SKILLET,"(GF) cheddar, crumb topping",
Mazzone Hospitality,https://www.mazzonehospitality.com/,Classic Menu,UPGRADED SELECTIONS,AHI TUNA NACHOS,"avocado, jalapeño, sriracha aioli, pico de gallo, green onion, crispy wonton crisps",
Mazzone Hospitality,https://www.mazzonehospitality.com/,Classic Menu,UPGRADED SELECTIONS,STUFFED MINI BELL PEPPERS,"(V, VG) quinoa, black beans, corn, roasted tomatillo salsa",
Mazzone Hospitality,https://www.mazzonehospitality.com/,Classic Menu,UPGRADED SELECTIONS,SCALLOPS GRUYERE,"(GF) sauce mornay, cracker crumb, tarragon",
Mazzone Hospitality,https://www.mazzonehospitality.com/,Classic Menu,UPGRADED SELECTIONS,WARM ARTICHOKE AND FONTINA DIP,"(V) artisan bread, pretzel sticks",
Mazzone Hospitality,https://www.mazzonehospitality.com/,Classic Menu,ANTIPASTI TAVOLO,CARPACCIO (GF),"ribeye, shaved onion, capers, Locatelli pecorino, arugula, tuscan oil, milled pepper",
Mazzone Hospitality,https://www.mazzonehospitality.com/,Classic Menu,ANTIPASTI TAVOLO,MUSSELS (GF),"garlic, white wine, tomato fennel broth",
Mazzone Hospitality,https://www.mazzonehospitality.com/,Classic Menu,ANTIPASTI TAVOLO,"BLISTERED CAULIFLOWER (GF, V, VG)","capers, pignoli, lemon parsley oil",
Mazzone Hospitality,https://www.mazzonehospitality.com/,Classic Menu,ANTIPASTI TAVOLO,"BURRATA (GF, V)","heirloom grape tomatoes, grilled artichokes, Maplebrook Farms burrata, shaved onion, white balsamic vinaigrette",
Mazzone Hospitality,https://www.mazzonehospitality.com/,Classic Menu,STATIONS,ICED SEAFOOD BAR,"peppery horseradish cocktail, caper remoulade, lemon, tabasco, classic mignonette",market price
Mazzone Hospitality,https://www.mazzonehospitality.com/,Classic Menu,STATIONS,POACHED WILD CAUGHT SHRIMP (GF),,
Mazzone Hospitality,https://www.mazzonehospitality.com/,Classic Menu,STATIONS,OYSTERS ON THE ½ SHELL (GF),,
Mazzone Hospitality,https://www.mazzonehospitality.com/,Classic Menu,STATIONS,CLAMS ON THE ½ SHELL (GF),,
Mazzone Hospitality,https://www.mazzonehospitality.com/,Classic Menu,STATIONS,JONAH CRAB CLAWS (GF),,
Mazzone Hospitality,https://www.mazzonehospitality.com/,Classic Menu,STATIONS,MARYLAND BLUE CRAB COCKTAIL SHOOTERS (GF),,
Mazzone Hospitality,https://www.mazzonehospitality.com/,Classic Menu,STATIONS,MEDITERRANEAN CHILLED OCTOPUS SALAD (GF),"saffron potatoes, vegetables, lemon oregano vinaigrette",
Mazzone Hospitality,https://www.mazzonehospitality.com/,Classic Menu,UPGRADED SELECTIONS,CHILLED WHOLE ATLANTIC LOBSTER (GF),,
Mazzone Hospitality,https://www.mazzonehospitality.com/,Classic Menu,UPGRADED SELECTIONS,ALASKAN KING CRAB LEGS (GF),,
Mazzone Hospitality,https://www.mazzonehospitality.com/,Classic Menu,UPGRADED SELECTIONS,CAVIAR 500/1000 KILO (GF),,
Mazzone Hospitality,https://www.mazzonehospitality.com/,Classic Menu,UPGRADED SELECTIONS,BUCKWHEAT BLINIS,,
Mazzone Hospitality,https://www.mazzonehospitality.com/,Classic Menu,UPGRADED SELECTIONS,ACCOUTREMENTS CLASSIQUE,"crème fraîche, sour cream, fresh herbs, chopped onions, crumbled hard boiled eggs",
Mazzone Hospitality,https://www.mazzonehospitality.com/,Classic Menu,FRESH CATCH POKE BOWLS,"AHI TUNA (GF), KING SALMON (GF), SHRIMP CEVICHE (GF), SWEET POTATO (GF, V, VG), BEETS (GF, V, VG)",*spicy option available,
Mazzone Hospitality,https://www.mazzonehospitality.com/,Classic Menu,FRESH CATCH POKE BOWLS,"white rice (GF, V, VG)",,
Mazzone Hospitality,https://www.mazzonehospitality.com/,Classic Menu,FRESH CATCH POKE BOWLS,"brown rice (GF, V, VG)",,
Mazzone Hospitality,https://www.mazzonehospitality.com/,Classic Menu,FRESH CATCH POKE BOWLS,"TOPPINGS (GF, V, VG)","avocado, cucumbers, rice puffs, sesame seeds, radishes, jalapeño, scallion, cilantro, furikake, edamame, seaweed salad, pickled ginger, nori",
Mazzone Hospitality,https://www.mazzonehospitality.com/,Classic Menu,FRESH CATCH POKE BOWLS,"Tamari ginger garlic (GF, V, VG)",,
Mazzone Hospitality,https://www.mazzonehospitality.com/,Classic Menu,FRESH CATCH POKE BOWLS,"sriracha aioli (GF, V)",,
Mazzone Hospitality,https://www.mazzonehospitality.com/,Classic Menu,NONNA'S CUCINA,FOCACCIA (V),,
Mazzone Hospitality,https://www.mazzonehospitality.com/,Classic Menu,NONNA'S CUCINA,BRACIOLE (GF),"beef filled with ricotta and parmesan, slow cooked in red sauce",
Mazzone Hospitality,https://www.mazzonehospitality.com/,Classic Menu,NONNA'S CUCINA,EGGPLANT PARMIGIANA (V),"red sauce, mozzarella",
Mazzone Hospitality,https://www.mazzonehospitality.com/,Classic Menu,NONNA'S CUCINA,RIGATONI AMATRICIANA,"pomodoro, onions, pancetta, pecorino",
Mazzone Hospitality,https://www.mazzonehospitality.com/,Classic Menu,NONNA'S CUCINA,MEATBALLS,"beef, veal, pork, red sauce, ricotta toast",
Mazzone Hospitality,https://www.mazzonehospitality.com/,Classic Menu,NONNA'S CUCINA,"BROCCOLI RABE (GF, V, VG)","garlic, crushed chili, olive oil, lemon",
Mazzone Hospitality,https://www.mazzonehospitality.com/,Classic Menu,PASTA TRATTORIA,GARLIC BREAD (V),"wild oregano, parmigiano, garlic",
Mazzone Hospitality,https://www.mazzonehospitality.com/,Classic Menu,PASTA TRATTORIA,CAESAR SALAD (V),"torn romaine, creamy dressing, parmesan, garlic croutons",
Mazzone Hospitality,https://www.mazzonehospitality.com/,Classic Menu,PASTA TRATTORIA,CAVATELLI,"sweet sausage, broccoli rabe, tomato, chili flake",
Mazzone Hospitality,https://www.mazzonehospitality.com/,Classic Menu,PASTA TRATTORIA,RIGATONI,"beef and pork bolognese, San Marzano tomatoes, ricotta",
Mazzone Hospitality,https://www.mazzonehospitality.com/,Classic Menu,PASTA TRATTORIA,SPAGHETTI,"shrimp, cherry tomato diavolo, pangrattato",
Mazzone Hospitality,https://www.mazzonehospitality.com/,Classic Menu,PASTA TRATTORIA,PENNE (V),"tomato basil sauce, Locatelli pecorino",
Mazzone Hospitality,https://www.mazzonehospitality.com/,Classic Menu,PASTA TRATTORIA,TORTELLINI,"alfredo, peas, prosciutto",
Mazzone Hospitality,https://www.mazzonehospitality.com/,Classic Menu,PINSA FLATBREADS,FUNGI (V),"mushrooms, caramelized onions, thyme, blue cheese, hot honey",
Mazzone Hospitality,https://www.mazzonehospitality.com/,Classic Menu,PINSA FLATBREADS,BIANCO (V),"three cheese blend, marinated artichoke hearts, arugula, garlic oil",
Mazzone Hospitality,https://www.mazzonehospitality.com/,Classic Menu,PINSA FLATBREADS,MARGHERITA (V),"San Marzano tomatoes, mozzarella, basil",
Mazzone Hospitality,https://www.mazzonehospitality.com/,Classic Menu,PINSA FLATBREADS,PARMA,"prosciutto, arugula, balsamic, caciocavallo cheese",
Mazzone Hospitality,https://www.mazzonehospitality.com/,Classic Menu,PINSA FLATBREADS,DIAVOLA,"tomato sauce, spicy sausage, hot coppa, mozzarella, banana peppers, fried bell peppers, basil",
Mazzone Hospitality,https://www.mazzonehospitality.com/,Classic Menu,PINSA FLATBREADS,TUSCAN (V),"roasted pears, gorgonzola, pecorino, rosemary, fig syrup",
Mazzone Hospitality,https://www.mazzonehospitality.com/,Classic Menu,STATIONS,SHAWARMA BAZAAR,"*chef fee applies Experience the authentic flavors of the Middle East with our slow-turning rotisserie shawarma, cooked and thinly sliced to perfection.",
Mazzone Hospitality,https://www.mazzonehospitality.com/,Classic Menu,PROTEIN OPTIONS,CHICKEN,(GF),
Mazzone Hospitality,https://www.mazzonehospitality.com/,Classic Menu,PROTEIN OPTIONS,BEEF,(GF),
Mazzone Hospitality,https://www.mazzonehospitality.com/,Classic Menu,PROTEIN OPTIONS,LAMB,(GF),
Mazzone Hospitality,https://www.mazzonehospitality.com/,Classic Menu,PROTEIN OPTIONS,SALMON,(GF),
Mazzone Hospitality,https://www.mazzonehospitality.com/,Classic Menu,VEGETARIAN OPTIONS,FAVA BEAN FALAFEL,"(GF, V, VG)",
Mazzone Hospitality,https://www.mazzonehospitality.com/,Classic Menu,VEGETARIAN OPTIONS,SPICED GRILLED EGGPLANT,"(GF, V, VG)",
Mazzone Hospitality,https://www.mazzonehospitality.com/,Classic Menu,VEGETARIAN OPTIONS,PORTABELLO,"(GF, V, VG)",
Mazzone Hospitality,https://www.mazzonehospitality.com/,Classic Menu,VEGETARIAN OPTIONS,ROASTED TOMATO,"(GF, V, VG)",
Mazzone Hospitality,https://www.mazzonehospitality.com/,Classic Menu,TOPPINGS,TOPPINGS,"tomatoes, onions, lettuce, Greek olives, cucumber, lettuce, lemon, garlic chickpea hummus, quinoa tabbouleh (GF, V, VG), feta (GF, V), warm pita (V)",
Mazzone Hospitality,https://www.mazzonehospitality.com/,Classic Menu,SAUCES,SAUCES,"Lebanese tahini (GF, V, VG), minted tzatziki (GF, V) garlic sauce (GF, V, VG)",
Mazzone Hospitality,https://www.mazzonehospitality.com/,Classic Menu,STATIONS,CARVING BOARD,*chef fee applies | ciabatta rolls,
Mazzone Hospitality,https://www.mazzonehospitality.com/,Classic Menu,TIER I,HANGER STEAK,(GF) toybox pepperonata,
Mazzone Hospitality,https://www.mazzonehospitality.com/,Classic Menu,TIER I,OVEN ROASTED TURKEY BREAST,"(GF) brined, herb butter basted, cranberry aioli, pan gravy",
Mazzone Hospitality,https://www.mazzonehospitality.com/,Classic Menu,TIER I,CEDAR PLANK ROASTED SALMON,(GF) lemon anchovy butter sauce,
Mazzone Hospitality,https://www.mazzonehospitality.com/,Classic Menu,TIER II,RIBEYE STEAK,"(GF) thick cut herb and sea salt crusted, gorgonzola bacon butter, green peppercorn cream",
Mazzone Hospitality,https://www.mazzonehospitality.com/,Classic Menu,TIER II,DUROC PORK CHOP,"(GF) tarragon, rosemary pan gravy",
Mazzone Hospitality,https://www.mazzonehospitality.com/,Classic Menu,TIER II,WHOLE GRILLED RED SNAPPER,(GF) blistered shishito chimichurri,
Mazzone Hospitality,https://www.mazzonehospitality.com/,Classic Menu,"TACO ""TRUCK""",POLLO ASADA (GF),citrus-marinated grilled chicken,
Mazzone Hospitality,https://www.mazzonehospitality.com/,Classic Menu,"TACO ""TRUCK""",CARNE ASADA (GF),grilled flank steak,
Mazzone Hospitality,https://www.mazzonehospitality.com/,Classic Menu,"TACO ""TRUCK""",CAMARONES (GF),lime-jalapeno shrimp ceviche,
Mazzone Hospitality,https://www.mazzonehospitality.com/,Classic Menu,"TACO ""TRUCK""",PESCADO (GF),grilled mahi-mahi,
Mazzone Hospitality,https://www.mazzonehospitality.com/,Classic Menu,"TACO ""TRUCK""",AGUACATE (V),breaded and baked avocado,
Mazzone Hospitality,https://www.mazzonehospitality.com/,Classic Menu,"TACO ""TRUCK""",COLIFLOR (V),three chili battered and fried cauliflower,
Mazzone Hospitality,https://www.mazzonehospitality.com/,Classic Menu,"TACO ""TRUCK""",HARD AND SOFT HAND-PRESSED TORTILLAS (V),"flour (V)
corn (GF, V)",
Mazzone Hospitality,https://www.mazzonehospitality.com/,Classic Menu,"TACO ""TRUCK""",ACCOMPANIMENTS,"guacamole, lettuce, limes, cotija cheese, cilantro, radish, salsa verde, salsa roja,
Mexican crema (GF, V)",
Mazzone Hospitality,https://www.mazzonehospitality.com/,Classic Menu,"TACO ""TRUCK""","MEXICAN GREEN RICE (GF, V, VG)",,
Mazzone Hospitality,https://www.mazzonehospitality.com/,Classic Menu,"TACO ""TRUCK""","FRIED TORTILLA CHIPS AND PICO DE GALLO (V, VG)",,
Mazzone Hospitality,https://www.mazzonehospitality.com/,Classic Menu,PUB FARE,CONEY ISLAND PRETZEL DOG,"sea salt, dijon mustard",
Mazzone Hospitality,https://www.mazzonehospitality.com/,Classic Menu,PUB FARE,CACIO E PEPE PASTA BITES (V),"breaded and fried, tomato basil sauce, pecorino",
Mazzone Hospitality,https://www.mazzonehospitality.com/,Classic Menu,PUB FARE,PEPPERONI CALZONE,"mozzarella, pepperoni, pizza sauce",
Mazzone Hospitality,https://www.mazzonehospitality.com/,Classic Menu,PUB FARE,PHILLY CHEESESTEAK EGG ROLL,"shaved sirloin, fried onion, mushrooms, cheese dip",
Mazzone Hospitality,https://www.mazzonehospitality.com/,Classic Menu,PUB FARE,JAJU PIEROGI (V),"potato and cheese, caramelized onions, green onion sour cream",
Mazzone Hospitality,https://www.mazzonehospitality.com/,Classic Menu,FRITES,"duck fat fries, roasted garlic aioli",,
Mazzone Hospitality,https://www.mazzonehospitality.com/,Classic Menu,FRITES,"truffle parmesan fries, parmesan lime aioli",,
Mazzone Hospitality,https://www.mazzonehospitality.com/,Classic Menu,FRITES,"classic fries, spicy ketchup",,
Mazzone Hospitality,https://www.mazzonehospitality.com/,Classic Menu,FRITES,"sweet potato fries, raspberry melba",,
Mazzone Hospitality,https://www.mazzonehospitality.com/,Classic Menu,SLIDER STATION,CLASSIC ANGUS BEEF WITH CHEDDAR CHEESE,,
Mazzone Hospitality,https://www.mazzonehospitality.com/,Classic Menu,SLIDER STATION,"BEYOND BURGERS (GF, V, VG)",,
Mazzone Hospitality,https://www.mazzonehospitality.com/,Classic Menu,SLIDER STATION,CRISPY PORTOBELLO STACK (V),,
Mazzone Hospitality,https://www.mazzonehospitality.com/,Classic Menu,SLIDER STATION,CRISPY CHICKEN,,
Mazzone Hospitality,https://www.mazzonehospitality.com/,Classic Menu,SLIDER STATION,KOBE BEEF,,market price
Mazzone Hospitality,https://www.mazzonehospitality.com/,Classic Menu,SLIDER STATION,POTATO BUN,,
Mazzone Hospitality,https://www.mazzonehospitality.com/,Classic Menu,SLIDER STATION,PRETZEL BUN,,
Mazzone Hospitality,https://www.mazzonehospitality.com/,Classic Menu,SLIDER STATION,CIABATTA ROLL,,
Mazzone Hospitality,https://www.mazzonehospitality.com/,Classic Menu,SLIDER STATION,KING'S HAWAIIAN ROLL,,
Mazzone Hospitality,https://www.mazzonehospitality.com/,Classic Menu,SLIDER STATION,HAND-LEAFED LETTUCE,"lettuce, tomato, onions, chipotle aioli, pickles, ketchup, mustard, mayo",
Mazzone Hospitality,https://www.mazzonehospitality.com/,Classic Menu,SLIDER STATION,"classic shoestring fries (GF, V)",,
Mazzone Hospitality,https://www.mazzonehospitality.com/,Classic Menu,SLIDER STATION,"coleslaw (GF, V)",,
Mazzone Hospitality,https://www.mazzonehospitality.com/,Classic Menu,PIZZERIA NAPOLETANA,"authentic wood-fired oven, when available",,$350
Mazzone Hospitality,https://www.mazzonehospitality.com/,Classic Menu,STARTERS,UPGRADED BREAD SERVICE,"housemade rosemary focaccia, olive loaf, garlic twists, ciabatta, cracked-pepper olive oil, whipped ricotta, olive tapenade, white bean prosciutto passata",
Mazzone Hospitality,https://www.mazzonehospitality.com/,Classic Menu,TIER I,SPINACH AND GOAT CHEESE (GF),"white balsamic strawberries, candied walnuts, smoked bacon lardons, pickled shallots, Modena vinaigrette",
Mazzone Hospitality,https://www.mazzonehospitality.com/,Classic Menu,TIER I,"FARM STAND SALAD (GF, V, VG)","baby lettuces, shaved radish, grape tomato, english cucumber, red onion, prosecco vinaigrette",
Mazzone Hospitality,https://www.mazzonehospitality.com/,Classic Menu,TIER I,CAESAR,"torn romaine, creamy dressing, parmesan, garlic crouton",
Mazzone Hospitality,https://www.mazzonehospitality.com/,Classic Menu,TIER I,MEDITERRANEAN CHOPPED (V),"romaine, spinach, radicchio, kalamata olives, red onion, tomato, cucumber, artichokes, banana peppers, chickpeas, herbed lemon vinaigrette, toasted pita",
Mazzone Hospitality,https://www.mazzonehospitality.com/,Classic Menu,TIER I,"GREEK FETA (GF, V)","romaine, tomato, cucumber, black olive, red onion, pepperoncini, red wine oregano dressing",
Mazzone Hospitality,https://www.mazzonehospitality.com/,Classic Menu,TIER I,"ROASTED PEAR (GF, V)","honey poached pear, bibb lettuce, walnuts, gorgonzola, champagne vinaigrette",
Mazzone Hospitality,https://www.mazzonehospitality.com/,Classic Menu,TIER I,CHOPPED SALAD (V),"romaine, iceberg, red onion, blue cheese, avocado, cucumber, tomato, fried buttermilk onion strings, white balsamic dressing",
Mazzone Hospitality,https://www.mazzonehospitality.com/,Classic Menu,TIER I,SMOKED BACON WEDGE,"crisp iceberg, cornbread croutons, tomato, pickled red onion, buttermilk dressing",
Mazzone Hospitality,https://www.mazzonehospitality.com/,Classic Menu,TIER I,"TOASTED CARROTS (GF, V)","rainbow carrots, pickled shallots, mixed greens, ricotta salata, champagne mustard seed vinaigrette",
Mazzone Hospitality,https://www.mazzonehospitality.com/,Classic Menu,TIER I,FENNEL AND ORANGE (V),"baby spinach, cippolini onion, toasted shiitake, burnt honey vinaigrette, Maytag blue pinsa crouton",
Mazzone Hospitality,https://www.mazzonehospitality.com/,Classic Menu,TIER II,GRILLED PEACH AND BURRATA (V),"Maplebrook Farms burrata, arugula, crostini crisps, toasted pumpkin seeds, olive oil, aged balsamic vinegar",
Mazzone Hospitality,https://www.mazzonehospitality.com/,Classic Menu,TIER II,GRILLED STUFFED CALAMARI,"zucchini and shrimp stuffing, charred frisée, preserved lemon, garlic-pumpernickle breadcrumbs",
Mazzone Hospitality,https://www.mazzonehospitality.com/,Classic Menu,TIER II,DIVER SCALLOPS (GF),"pan seared, corn risotto, roasted mushrooms, tendril salad, scallop shell",
Mazzone Hospitality,https://www.mazzonehospitality.com/,Classic Menu,TIER II,LITTLE GEM MOZZARELLA,"preserved heirloom tomatoes, prosciutto di parma, roasted onion, Sicilian olives, basil, olive oil, grilled focaccia",
Mazzone Hospitality,https://www.mazzonehospitality.com/,Classic Menu,TIER II,ROASTED QUAIL (GF),"pomegranate glazed quail, radicchio, watercress, thyme oil pomegranate vinaigrette",
Mazzone Hospitality,https://www.mazzonehospitality.com/,Classic Menu,TIER II,TUNA NIÇOISE SALAD (GF),"bluefin tuna, confit new potato, haricot vert, hard boiled egg, wild oregano, pommery mustard vinaigrette",
Mazzone Hospitality,https://www.mazzonehospitality.com/,Classic Menu,TIER II,CRISPY PORK BELLY CONFIT (GF),"Asian pear, watercress, celery root purée",
Mazzone Hospitality,https://www.mazzonehospitality.com/,Classic Menu,TIER II,LASAGNA VERDE,"egg and spinach pasta, white bolognese, parmigiano reggiano bechemel",
Mazzone Hospitality,https://www.mazzonehospitality.com/,Classic Menu,TIER II,SALT BAKED BEET ROOT (V),"red sorrel, watercress, Old Chatham camembert, pistachio oil, horseradish crème fraîche",
Mazzone Hospitality,https://www.mazzonehospitality.com/,Classic Menu,TIER II,"GRILLED HALLOUMI SALAD (GF, V)","little gem lettuces, fresh mint, toasted pine nuts, acacia honey pomegranate vinaigrette",
Mazzone Hospitality,https://www.mazzonehospitality.com/,Classic Menu,TIER I,SHORT RIB (GF),"twice-baked cauliflower au gratin, cipollini jus, shiitake green beans, horseradish gremolata",
Mazzone Hospitality,https://www.mazzonehospitality.com/,Classic Menu,TIER I,STRIP LOIN (GF),"roasted and sliced, toasted garlic pink peppercorn, rosemary hasselback potato, charred asparagus, shallot demi",
Mazzone Hospitality,https://www.mazzonehospitality.com/,Classic Menu,TIER I,GRILLED SWORDFISH (GF),"braised wild fennel, broccoli rabe pesto, garlic crushed fingerlings, fennel pollen",
Mazzone Hospitality,https://www.mazzonehospitality.com/,Classic Menu,TIER I,CHICKEN TAVOLO,"breaded cutlet, lemon garlic pan butter sauce, wilted arugula, tomato red onion salad, tomato orzo",
Mazzone Hospitality,https://www.mazzonehospitality.com/,Classic Menu,TIER I,CHICKEN LIMONE (GF),"pan seared statler breast, cerignola olives, caper berries, artichokes, risotto Milanese, spinach lemon velouté, brûléed lemon",
Mazzone Hospitality,https://www.mazzonehospitality.com/,Classic Menu,TIER I,ROASTED COD (GF),"cannelini bean ragù, wilted escarole, stuffed pomodorini",
Mazzone Hospitality,https://www.mazzonehospitality.com/,Classic Menu,TIER I,FAROE ISLAND SALMON,"creamy farrotto, swiss chard, brown butter salsify, red wine black olive demi glace",
Mazzone Hospitality,https://www.mazzonehospitality.com/,Classic Menu,TIER I,CHICKEN SCARPARIELLO (GF),"crispy confit boneless chicken thigh, sweet bell peppers, vidalia onions, Tuscan potatoes, cherry peppers, lemon garlic sauce",
Mazzone Hospitality,https://www.mazzonehospitality.com/,Classic Menu,TIER II,NY STRIP,"gorgonzola fonduta, honey glazed carrots, rosemary garlic pressed potatoes, shallot demi, buttermilk onions",
Mazzone Hospitality,https://www.mazzonehospitality.com/,Classic Menu,TIER II,GRILLED FILET MIGNON (GF),"whipped garlic potatoes, charred asparagus, wild mushroom demi",
Mazzone Hospitality,https://www.mazzonehospitality.com/,Classic Menu,TIER II,GRILLED BRANZINO,"shaved fennel and arugula salad, fregola, castelvetrano olive tapenade",
Mazzone Hospitality,https://www.mazzonehospitality.com/,Classic Menu,TIER II,GRILLED RED SNAPPER (GF),"summer vegetable ratatouille, oregano basil oil",
Mazzone Hospitality,https://www.mazzonehospitality.com/,Classic Menu,TIER II,HUDSON VALLEY DUCK BREAST (GF),"balsamic glaze, lentil salad, candied pistachios, huckleberry jus",
Mazzone Hospitality,https://www.mazzonehospitality.com/,Classic Menu,TIER II,BUTTER POACHED LOBSTER (GF),"creamy parsnip purée, wilted baby spinach, lemon tarragon lobster nage",
Mazzone Hospitality,https://www.mazzonehospitality.com/,Classic Menu,VEGETARIAN,GARGANELLI (V),"fava beans, spinach, wild mushrooms, grana padano pangrattato, basil pesto, pecorino cream",
Mazzone Hospitality,https://www.mazzonehospitality.com/,Classic Menu,VEGETARIAN,"FARCI SQUASH (GF, V, VG)","autumn quinoa tabbouleh stuffed delicata, charred apple sauce, butternut purée, apple walnut salad, pickled mustard seed",
Mazzone Hospitality,https://www.mazzonehospitality.com/,Classic Menu,VEGETARIAN,"CARROT OSSO BUCCO (GF, V, VG)","heritage carrots, mushroom broth, sweet corn stone milled polenta, mushroom cooking jus",
Mazzone Hospitality,https://www.mazzonehospitality.com/,Classic Menu,VEGETARIAN,"EGGPLANT BRACIOLE (GF, V, VG)","garlic olive oil roasted planks, lentil, arugula, kalamata, walnut filling, tomato basil sauce, vegan ricotta",
Mazzone Hospitality,https://www.mazzonehospitality.com/,Classic Menu,VEGETARIAN,"SALT ROASTED GOLDEN BEETS (GF, V, VG)","arepa pancake, whipped black garlic, smoked tofu, chimichurri",
Mazzone Hospitality,https://www.mazzonehospitality.com/,Classic Menu,VEGETARIAN,"CRISPY SPICED CAULIFLOWER STEAK (GF, V, VG)","minted yogurt chutney, pickled seasonal squash, toasted pumpkin seeds",
Mazzone Hospitality,https://www.mazzonehospitality.com/,Classic Menu,STARTERS,PROSCIUTTO AND GRILLED PEACHES (GF),"gorgonzola, fig syrup",
Mazzone Hospitality,https://www.mazzonehospitality.com/,Classic Menu,STARTERS,BUTTER LETTUCE PANZANELLA (V),"sourdough croutons, white balsamic vinaigrette",
Mazzone Hospitality,https://www.mazzonehospitality.com/,Classic Menu,STARTERS,"GREEK FETA SALAD (GF, V)","romaine, tomato, cucumbers, black olive, red onion, pepperoncini, red wine oregano dressing",
Mazzone Hospitality,https://www.mazzonehospitality.com/,Classic Menu,STARTERS,"ROASTED BEETS (GF, V)","farmer's cheese, grilled onion, pistachio",
Mazzone Hospitality,https://www.mazzonehospitality.com/,Classic Menu,STARTERS,"BURRATA AND TOMATO (GF, V)","Maplebrook Farms burrata, castelvetrano olives, arugula pesto, sea salt, aged fig balsamic",
Mazzone Hospitality,https://www.mazzonehospitality.com/,Classic Menu,STARTERS,"ROSEMARY FOCACCIA SKILLET (V,VG)","tomato conserva, olive oil",
Mazzone Hospitality,https://www.mazzonehospitality.com/,Classic Menu,PASTA AND GRAINS,DUCK CONFIT CASSOULET (GF),"cannellini beans, smoked sausage, fried sage leaves",
Mazzone Hospitality,https://www.mazzonehospitality.com/,Classic Menu,PASTA AND GRAINS,"ARTICHOKE LENTIL SALAD (V, VG)","Greek olives, saffron vinaigrette",
Mazzone Hospitality,https://www.mazzonehospitality.com/,Classic Menu,PASTA AND GRAINS,BAKED PACCHERI (V),"housemade fresh pasta, tomato sugo, melted mozzarella, baby basil",
Mazzone Hospitality,https://www.mazzonehospitality.com/,Classic Menu,PASTA AND GRAINS,MAC AND CHEESE (V),cracker crumb topping,
Mazzone Hospitality,https://www.mazzonehospitality.com/,Classic Menu,PASTA AND GRAINS,ORECCHIETTE,"broccoli rabe, sweet sausage, chili flake",
Mazzone Hospitality,https://www.mazzonehospitality.com/,Classic Menu,PASTA AND GRAINS,RIGATONI ALA NORMA (V),"house-made fresh pasta, Sicilian tomato eggplant ragu, baked ricotta salata",
Mazzone Hospitality,https://www.mazzonehospitality.com/,Classic Menu,PASTA AND GRAINS,PENNETTE,"vodka cream, prosciutto",
Mazzone Hospitality,https://www.mazzonehospitality.com/,Classic Menu,MAINS,SLOW COOKED SHORT RIBS (GF),cipollini jus,
Mazzone Hospitality,https://www.mazzonehospitality.com/,Classic Menu,MAINS,HANGER STEAK (GF),toybox peperonata,
Mazzone Hospitality,https://www.mazzonehospitality.com/,Classic Menu,MAINS,RIBEYE STEAK (GF),"thick cut, sliced, herb and sea salt, steak butter, chimichurri",
Mazzone Hospitality,https://www.mazzonehospitality.com/,Classic Menu,MAINS,PORCHETTA (GF),"fennel pollen rosemary rub, pan jus",
Mazzone Hospitality,https://www.mazzonehospitality.com/,Classic Menu,MAINS,CHICKEN TAVOLO,"breaded cutlet, lemon garlic pan butter sauce, wilted arugula, tomato red onion salad, white balsamic",
Mazzone Hospitality,https://www.mazzonehospitality.com/,Classic Menu,MAINS,ROAST WHOLE ORGANIC CHICKEN (GF),"herb gremolata, garlic jus",
Mazzone Hospitality,https://www.mazzonehospitality.com/,Classic Menu,MAINS,SWORDFISH (GF),"fennel, olive, preserved tomato relish",
Mazzone Hospitality,https://www.mazzonehospitality.com/,Classic Menu,MAINS,ICELANDIC COD,"parmesan parsley crumbs, braised leeks, lemon velouté",
Mazzone Hospitality,https://www.mazzonehospitality.com/,Classic Menu,MAINS,CHICKEN MARSALA (GF),"hen of the woods, mushrooms and marsala sugetto",
Mazzone Hospitality,https://www.mazzonehospitality.com/,Classic Menu,MAINS,AIRLINE CHICKEN,preserved lemon,
Mazzone Hospitality,https://www.mazzonehospitality.com/,Classic Menu,MAINS,SALMON (GF),"lacinato kale, lemon-caper bagna cauda",
Mazzone Hospitality,https://www.mazzonehospitality.com/,Classic Menu,SIDES,"ZA'ATAR CARROTS (GF, V, VG)","pan roasted, pepper marmalade",
Mazzone Hospitality,https://www.mazzonehospitality.com/,Classic Menu,SIDES,"RAINBOW CHARD (GF, V, VG)","garlic, chili flake",
Mazzone Hospitality,https://www.mazzonehospitality.com/,Classic Menu,SIDES,"BRUSSELS SPROUTS (GF, V)",sage brown butter,
Mazzone Hospitality,https://www.mazzonehospitality.com/,Classic Menu,SIDES,"WHITE AND SWEET POTATO GRATIN (GF, V)",,
Mazzone Hospitality,https://www.mazzonehospitality.com/,Classic Menu,SIDES,"GRILLED ASPARAGUS (GF, V, VG)","lemon zest, extra virgin olive oil, sea salt",
Mazzone Hospitality,https://www.mazzonehospitality.com/,Classic Menu,SIDES,"CRISPY PECORINO POTATOES (GF, V)","smashed and fried fingerlings, garlic oil, aged percorino",
Mazzone Hospitality,https://www.mazzonehospitality.com/,Classic Menu,SIDES,"CHARRED SHISHITO PEPPERS (GF, V, VG)",smoked sea salt,
Mazzone Hospitality,https://www.mazzonehospitality.com/,Classic Menu,SIDES,HOPPIN' JOHN (GF),"black-eye pea, smoked ham hocks, collard greens",
Mazzone Hospitality,https://www.mazzonehospitality.com/,Classic Menu,TRAY-PASSED BITES - TIER I,"WATERMELON FETA SKEWERS (GF, V)",aged balsamic vinegar,
Mazzone Hospitality,https://www.mazzonehospitality.com/,Classic Menu,TRAY-PASSED BITES - TIER I,"HEIRLOOM TOMATO CAPRESE SKEWERS (GF, V)","basil, vin cotto glaze",
Mazzone Hospitality,https://www.mazzonehospitality.com/,Classic Menu,TRAY-PASSED BITES - TIER I,ENGLISH PEA AND MINT PANNA COTTA (GF),crispy prosciutto,
Mazzone Hospitality,https://www.mazzonehospitality.com/,Classic Menu,TRAY-PASSED BITES - TIER II,ASPARAGUS AND GOAT CHEESE TARTLETS (V),cracked tellicherry peppercorns,
Mazzone Hospitality,https://www.mazzonehospitality.com/,Classic Menu,TRAY-PASSED BITES - TIER II,FRIED GREEN TOMATO STACK,"mozzarella, Nueske's bacon",
Mazzone Hospitality,https://www.mazzonehospitality.com/,Classic Menu,STARTERS - TIER I,CAPRESE TIMBALE (V),"mozzarella, fig balsamic reduction, roasted red pepper tapenade",
Mazzone Hospitality,https://www.mazzonehospitality.com/,Classic Menu,STARTERS - TIER II,"ZUCCHINI ""TOAST"" (GF)","grilled zucchini, confit tomatoes, chevre, olive crumble, roasted pignoli, balsamic syrup, espelette powder, spring lettuces",
Mazzone Hospitality,https://www.mazzonehospitality.com/,Classic Menu,STARTERS - TIER II,LOBSTER AND BURRATA (GF),"poached lobster and heirloom tomato salad, baby basil, eggplant, smoked sea salt",
Mazzone Hospitality,https://www.mazzonehospitality.com/,Classic Menu,MAINS - TIER I,SEARED SALMON (GF),"olive tomato caper butter, lemon risotto, sautéed Swiss chard",
Mazzone Hospitality,https://www.mazzonehospitality.com/,Classic Menu,MAINS - TIER I,CHICKEN SCALLOPINI,"mushroom thyme marsala jus, corn and bacon tortelli, green zucchini tomato sauté",
Mazzone Hospitality,https://www.mazzonehospitality.com/,Classic Menu,MAINS - TIER II,RACK OF LAMB (GF),"Tuscan farotto, minted artichoke conserva, mustard greens, preserved lemon demi glace",
Mazzone Hospitality,https://www.mazzonehospitality.com/,Classic Menu,MAINS - TIER II,CITRUS SEA BASS (GF),"pan seared, citrus salad, shaved fennel, onion, cured olives, olive oil braised fingerlings, salmoriglio",
Mazzone Hospitality,https://www.mazzonehospitality.com/,Classic Menu,MAINS - TIER II,GROUPER AL PASTOR (GF),"burnt pineapple, charred shishito, achiote rice, cilantro serrano zhug sauce, salsa taqueria",
Mazzone Hospitality,https://www.mazzonehospitality.com/,Classic Menu,TRAY-PASSED BITES - TIER I,"WARM MUSHROOM SOUP SHOOTER (GF, V)",whipped ricotta spuma,
Mazzone Hospitality,https://www.mazzonehospitality.com/,Classic Menu,TRAY-PASSED BITES - TIER I,"GRAPEFRUIT AND AVOCADO TARTARE (V, VG)",Belgian endive cup,
Mazzone Hospitality,https://www.mazzonehospitality.com/,Classic Menu,TRAY-PASSED BITES - TIER II,SMOKED SALMON WITH APPLE GELÉE,buckwheat crisp and dill,
Mazzone Hospitality,https://www.mazzonehospitality.com/,Classic Menu,TRAY-PASSED BITES - TIER II,BRIE TOASTS,"bacon and brie fundido, cranberry apple compote",
Mazzone Hospitality,https://www.mazzonehospitality.com/,Classic Menu,TRAY-PASSED BITES - TIER II,CRAB RANGOONS,scallion cream cheese,
Mazzone Hospitality,https://www.mazzonehospitality.com/,Classic Menu,STARTERS - TIER I,ENDIVE CHOPPED SALAD (V),"quince, warm goat cheese, golden beets, wilted onion, creamy walnut dressing",
Mazzone Hospitality,https://www.mazzonehospitality.com/,Classic Menu,STARTERS - TIER I,"CELERY ROOT BISQUE (GF, V)","sorrel mousse, green apple",
Mazzone Hospitality,https://www.mazzonehospitality.com/,Classic Menu,STARTERS - TIER II,LOBSTER LOUIE SALAD,"shaved asparagus, avocado, crostini crisp",
Mazzone Hospitality,https://www.mazzonehospitality.com/,Classic Menu,STARTERS - TIER II,WARM CAULIFLOWER VELOUTÉ (V),preserved black truffle,
Mazzone Hospitality,https://www.mazzonehospitality.com/,Classic Menu,MAINS - TIER I,DUROC PORK CHOP (GF),"butternut squash risotto, port wine reduction, charred Brussels sprouts",
Mazzone Hospitality,https://www.mazzonehospitality.com/,Classic Menu,MAINS - TIER I,GAME HEN,"smoked bacon Brussels sprouts, sunflower seed wild rice, farro pilaf, green grape cippolini agrodolce",
Mazzone Hospitality,https://www.mazzonehospitality.com/,Classic Menu,MAINS - TIER II,HUDSON VALLEY STEEL HEAD TROUT,"delicata squash couscous, Collar City mushroom, lacinato kale nage, roasted apple cider beurre blanc",
Mazzone Hospitality,https://www.mazzonehospitality.com/,Classic Menu,MAINS - TIER II,STUFFED RACK OF LAMB,"rainbow swiss chard, root vegetable hash, cranberry pan jus",
Mazzone Hospitality,https://www.mazzonehospitality.com/,Classic Menu,MAINS - TIER II,EYE OF RIB STEAK (GF),"char grilled, potato galette, garlic chip haricot vert, green peppercorn cognac au poivre",
Mazzone Hospitality,https://www.mazzonehospitality.com/,Classic Menu,PLATED DESSERTS,CLASSIC CHEESECAKE,"cherries, vanilla bean whipped cream",
Mazzone Hospitality,https://www.mazzonehospitality.com/,Classic Menu,PLATED DESSERTS,LEMON RICOTTA ALMOND FLOURLESS (GF),"sugar dusted, raspberry sauce, candied almond",
Mazzone Hospitality,https://www.mazzonehospitality.com/,Classic Menu,PLATED DESSERTS,BLACK SESAME BLOOD ORANGE ENTREMET,"black sesame cake, blood orange curd, milk chocolate",
Mazzone Hospitality,https://www.mazzonehospitality.com/,Classic Menu,PLATED DESSERTS,STRACCIATELLA (GF),"molded vanilla mousse with chocolate shards, amarena cherries, mocha sauce",
Mazzone Hospitality,https://www.mazzonehospitality.com/,Classic Menu,PLATED DESSERTS,BELGIAN CHOCOLATE MOUSSE CAKE,"chocolate decor, strawberry compote",
Mazzone Hospitality,https://www.mazzonehospitality.com/,Classic Menu,PLATED DESSERTS,ORANGE CURD AND SPICED WHITE CHOCOLATE TART,"graham shell, orange curd, spiced white chocolate meringue",
Mazzone Hospitality,https://www.mazzonehospitality.com/,Classic Menu,PLATED DESSERTS,GRANDE FRENCH MACARON,Swiss meringue buttercream filling seasonal flavors,
Mazzone Hospitality,https://www.mazzonehospitality.com/,Classic Menu,PLATED DESSERTS,SPRING | WHITE CHOCOLATE CHERRY BLOSSOM (GF),,
Mazzone Hospitality,https://www.mazzonehospitality.com/,Classic Menu,PLATED DESSERTS,SUMMER | LIMONCELLO RASPBERRY (GF),,
Mazzone Hospitality,https://www.mazzonehospitality.com/,Classic Menu,PLATED DESSERTS,FALL | MAPLE DULCE DE LECHE COOKIE BUTTER,,
Mazzone Hospitality,https://www.mazzonehospitality.com/,Classic Menu,PLATED DESSERTS,WINTER | CHOCOLATE MARSHMALLOW (GF),,
Mazzone Hospitality,https://www.mazzonehospitality.com/,Classic Menu,TRAY-PASSED SWEET BITES,MINI MIRABELLE PLUM AND RIESLING ÈCLAIR,"white chocolate, plum and Riesling cream",
Mazzone Hospitality,https://www.mazzonehospitality.com/,Classic Menu,TRAY-PASSED SWEET BITES,LAVENDER CUPCAKE,blueberry buttercream,
Mazzone Hospitality,https://www.mazzonehospitality.com/,Classic Menu,TRAY-PASSED SWEET BITES,CHOCOLATE CARAMEL BROWNIE BITE,"dark chocolate brownie, whipped fudge icing, cocoa, caramel crisp pearls",
Mazzone Hospitality,https://www.mazzonehospitality.com/,Classic Menu,TRAY-PASSED SWEET BITES,OPERA CAKE,"almond cake, coffee cream",
Mazzone Hospitality,https://www.mazzonehospitality.com/,Classic Menu,TRAY-PASSED SWEET BITES,LEMON VIOLET TRUFFLE (GF),"white chocolate shell, lemon ganache, dried violet blossom",
Mazzone Hospitality,https://www.mazzonehospitality.com/,Classic Menu,TRAY-PASSED SWEET BITES,AMARETTO ORANGE CHEESECAKE,citrus whipped cream,
Mazzone Hospitality,https://www.mazzonehospitality.com/,Classic Menu,TRAY-PASSED SWEET BITES,CHERRY BLOSSOM CREAM PUFF,"lemon zest, cherry blossom cream",
Mazzone Hospitality,https://www.mazzonehospitality.com/,Classic Menu,TRAY-PASSED SWEET BITES,RASPBERRY FRENCH MACARON (GF),"almond cookie, raspberry buttercream",
Mazzone Hospitality,https://www.mazzonehospitality.com/,Classic Menu,DOLCI TENTAZIONI,"CANNOLI, RAINBOW CAKE, SPUMONI SHOOTER, SICILIAN ORANGE BUNDT CAKE, LIMONCELLO SHOOTER, CHOCOLATE DIPPED BUTTER COOKIE, BISCOTTI, MINI PANETTONE, ASSORTED ITALIAN COOKIES, TIRAMISU",,
Mazzone Hospitality,https://www.mazzonehospitality.com/,Classic Menu,EUROPEAN PATISSERIE,CRAQUELIN CHOUX,"bavarian filled, whipped cream, fresh garnish",
Mazzone Hospitality,https://www.mazzonehospitality.com/,Classic Menu,EUROPEAN PATISSERIE,ALMOND RASPBERRY ENTREMET CAKE,,
Mazzone Hospitality,https://www.mazzonehospitality.com/,Classic Menu,EUROPEAN PATISSERIE,CHOCOLATE MOUSSE,"pyramid chocolate shortbread, chocolate ganache",
Mazzone Hospitality,https://www.mazzonehospitality.com/,Classic Menu,EUROPEAN PATISSERIE,FRUIT TART,"pastry cream, fresh fruit, apricot glaze, micro mint",
Mazzone Hospitality,https://www.mazzonehospitality.com/,Classic Menu,EUROPEAN PATISSERIE,PISTACHIO ORANGE CANNOLI,"jumbo, chocolate dipped",
Mazzone Hospitality,https://www.mazzonehospitality.com/,Classic Menu,EUROPEAN PATISSERIE,TART CITRON,"lemon curd, pâte sucrée",
Mazzone Hospitality,https://www.mazzonehospitality.com/,Classic Menu,NOSTALGIA STATION,"RAINBOW CHIP BROWNIES, CHOCOLATE SWIRL CUPCAKE, OATMEAL CREAM PIE, GOLDEN CRÈME CAKE, BIRTHDAY CAKE DUNKERS, WORMS N' DIRT, CRISPY RICE TREATS, STRAWBERRY SHORTCAKE ROLL, FROSTED STRUDEL",our take on the classics | home made,
Mazzone Hospitality,https://www.mazzonehospitality.com/,Classic Menu,TRADITIONAL VIENNESE TABLE,"ITALIAN BUTTER COOKIES, MINI ÉCLAIR, CREAM PUFFS, CHOCOLATE DIPPED STRAWBERRIES, MADELEINE, MINI FRUIT TART, FRENCH MACARON, BAKLAVA, MINI CHEESECAKE, CHOCOLATE PETIT FOUR",,
Mazzone Hospitality,https://www.mazzonehospitality.com/,Classic Menu,CHOCOLATE DIPPED SWEETS,"STRAWBERRIES, OREOS, CRISPY RICE TREATS, MOUSSE JARS, PRETZEL RODS, CAKE POPS, HOUSEMADE CANDY BARS, MARSHMALLOWS, MONOGRAMMED COOKIES",,
Mazzone Hospitality,https://www.mazzonehospitality.com/,Classic Menu,ICE CREAM SHOP,"VANILLA AND CHOCOLATE ICE CREAM, SORBET
WHIPPED CREAM, CHERRIES, CHOCOLATE SAUCE,
CARAMEL SAUCE, SPRINKLES, CHOCOLATE SHAVINGS,
PEANUT BUTTER CUPS, BERRY COMPOTE, APPLE COMPOTE",*chef fee applies,
Mazzone Hospitality,https://www.mazzonehospitality.com/,Classic Menu,S'MORES,HOUSEMADE GRAHAM CRACKER,"(includes)
traditional
chocolate oreo
shortbread cookie",
Mazzone Hospitality,https://www.mazzonehospitality.com/,Classic Menu,S'MORES,HOUSEMADE MARSHMALLOW,"(choose three)
vanilla bean
strawberry
chocolate
tiramisu
pinot noir",
Mazzone Hospitality,https://www.mazzonehospitality.com/,Classic Menu,S'MORES,TOPPING,"(choose three)
Hershey's bar, cookies n' cream bar, peanut butter cups,
Andes mints, salted caramel, dark chocolate",
Mazzone Hospitality,https://www.mazzonehospitality.com/,Classic Menu,CANDY SHOP,"FREEZE DRIED GUMMY BEARS, FREEZE DRIED COOKIE DOUGH, FREEZE DRIED AIR HEADS, RING POPS, SWEDISH FISH, M&M'S, PEANUT BUTTER CUPS, STRIPED CANDY STICKS",,
Mazzone Hospitality,https://www.mazzonehospitality.com/,Classic Menu,CAFFEINE FIX,ESPRESSO BEAN MIX,,
Mazzone Hospitality,https://www.mazzonehospitality.com/,Classic Menu,CAFFEINE FIX,CHOCOLATE COVERED COLD BREW CARAMELS,,
Mazzone Hospitality,https://www.mazzonehospitality.com/,Classic Menu,CAFFEINE FIX,COFFEE N' CREAM ESPRESSO BEANS,,
Mazzone Hospitality,https://www.mazzonehospitality.com/,Classic Menu,CAFFEINE FIX,ESPRESSO TOFFEE COOKIES,,
Mazzone Hospitality,https://www.mazzonehospitality.com/,Classic Menu,SWEET AND SALTY,"MILK CHOCOLATE PRETZELS, DARK CHOCOLATE PRETZELS, PEANUT BUTTER CUPS, SEA SALT CHOCOLATE, BUFFALO WING SEASONED PRETZELS, EVERYTHING SEASONED PRETZELS, DILL PICKLE CHIPS, CLASSIC CHIPS",(choose three),
Mazzone Hospitality,https://www.mazzonehospitality.com/,Classic Menu,"BEER, WINE, SOFT DRINKS",HOUSE WINE,"Upgraded Wines Available
pinot grigio, rosé, sauvignon blanc, chardonnay, pinot noir, cabernet sauvignon, sweet riesling",
Mazzone Hospitality,https://www.mazzonehospitality.com/,Classic Menu,"BEER, WINE, SOFT DRINKS",BEERS AND ALTERNATIVE BEVERAGES,"(choose three)
Coors Light, Heineken, Miller Lite, Modelo, Corona, Peroni,
Samuel Adams Seasonal, Blue Moon, Druther's All-In IPA,
Fiddlehead Hazy IPA, White Claw Hard Seltzer",
Mazzone Hospitality,https://www.mazzonehospitality.com/,Classic Menu,"BEER, WINE, SOFT DRINKS",NON-ALCOHOLIC,"sodas, mixers, juices, Saratoga Water, Heineken 0.0, ginger beer",
Mazzone Hospitality,https://www.mazzonehospitality.com/,Classic Menu,CLASSIC,VODKA,Tito's,
Mazzone Hospitality,https://www.mazzonehospitality.com/,Classic Menu,CLASSIC,GIN,Bombay,
Mazzone Hospitality,https://www.mazzonehospitality.com/,Classic Menu,CLASSIC,RUM,"Bacardi, Captain Morgan Spiced, Malibu",
Mazzone Hospitality,https://www.mazzonehospitality.com/,Classic Menu,CLASSIC,TEQUILA,Lunazul Blanco,
Mazzone Hospitality,https://www.mazzonehospitality.com/,Classic Menu,CLASSIC,BOURBON,Jim Beam,
Mazzone Hospitality,https://www.mazzonehospitality.com/,Classic Menu,CLASSIC,SCOTCH,Dewar's,
Mazzone Hospitality,https://www.mazzonehospitality.com/,Classic Menu,CLASSIC,WHISKEY,Seagram's 7,
Mazzone Hospitality,https://www.mazzonehospitality.com/,Classic Menu,"BEER, WINE, SOFT DRINKS",HOUSE WINE,"Upgraded Wines Available
pinot grigio, rosé, sauvignon blanc, chardonnay, pinot noir, cabernet sauvignon, sweet riesling",
Mazzone Hospitality,https://www.mazzonehospitality.com/,Classic Menu,"BEER, WINE, SOFT DRINKS",BEERS AND ALTERNATIVE BEVERAGES,"(choose three)
Coors Light, Heineken, Miller Lite, Modelo, Corona, Peroni,
Samuel Adams Seasonal, Blue Moon, Druther's All-In IPA,
Fiddlehead Hazy IPA, White Claw Hard Seltzer",
Mazzone Hospitality,https://www.mazzonehospitality.com/,Classic Menu,"BEER, WINE, SOFT DRINKS",NON-ALCOHOLIC,"sodas, mixers, juices, Saratoga Water, Heineken 0.0, ginger beer",
Mazzone Hospitality,https://www.mazzonehospitality.com/,Classic Menu,PREMIUM,VODKA,"Ketel One, Tito's",
Mazzone Hospitality,https://www.mazzonehospitality.com/,Classic Menu,PREMIUM,GIN,"Bombay, Tanqueray",
Mazzone Hospitality,https://www.mazzonehospitality.com/,Classic Menu,PREMIUM,RUM,"Bacardi, Captain Morgan Spiced, Malibu",
Mazzone Hospitality,https://www.mazzonehospitality.com/,Classic Menu,PREMIUM,TEQUILA,"Lunazul Blanco, Espolon Blanco",
Mazzone Hospitality,https://www.mazzonehospitality.com/,Classic Menu,PREMIUM,BOURBON,"Jack Daniels, Jim Beam",
Mazzone Hospitality,https://www.mazzonehospitality.com/,Classic Menu,PREMIUM,SCOTCH,"Dewar's, Johnnie Walker Red",
Mazzone Hospitality,https://www.mazzonehospitality.com/,Classic Menu,PREMIUM,WHISKEY,"Jameson Irish, Seagram's 7",
Mazzone Hospitality,https://www.mazzonehospitality.com/,Classic Menu,PREMIUM,HOUSE WINE,"Upgraded Wines Available
pinot grigio, rosé, sauvignon blanc, chardonnay, pinot noir, cabernet sauvignon, sweet riesling",
Mazzone Hospitality,https://www.mazzonehospitality.com/,Classic Menu,PREMIUM,BEERS AND ALTERNATIVE BEVERAGES,"(choose three)
Coors Light, Heineken, Miller Lite, Modelo, Corona, Peroni,
Samuel Adams Seasonal, Blue Moon, Druther's All-In IPA,
Fiddlehead Hazy IPA, White Claw Hard Seltzer",
Mazzone Hospitality,https://www.mazzonehospitality.com/,Classic Menu,PREMIUM,NON-ALCOHOLIC,"sodas, mixers, juices, Saratoga Water, Heineken 0.0, ginger beer",
Mazzone Hospitality,https://www.mazzonehospitality.com/,Classic Menu,TOP SHELF,VODKA,"Grey Goose, Ketel One, Tito's",
Mazzone Hospitality,https://www.mazzonehospitality.com/,Classic Menu,TOP SHELF,GIN,"Bombay, Tanqueray, Hendricks",
Mazzone Hospitality,https://www.mazzonehospitality.com/,Classic Menu,TOP SHELF,RUM,"Bacardi, Captain Morgan Spiced, Malibu",
Mazzone Hospitality,https://www.mazzonehospitality.com/,Classic Menu,TOP SHELF,TEQUILA,"Lunazul Blanco, Espolon Blanco,
Casamigos Blanco, Casa Herradura Anejo",
Mazzone Hospitality,https://www.mazzonehospitality.com/,Classic Menu,TOP SHELF,BOURBON,"Jack Daniels, Jim Beam, Maker's Mark",
Mazzone Hospitality,https://www.mazzonehospitality.com/,Classic Menu,TOP SHELF,SCOTCH,"Dewar's, Glenmorangie 10yr, Johnnie Walker Red",
Mazzone Hospitality,https://www.mazzonehospitality.com/,Classic Menu,TOP SHELF,WHISKEY,"Crown Royal, Jameson Irish, Seagram's 7",
Mazzone Hospitality,https://www.mazzonehospitality.com/,Classic Menu,TOP SHELF,HOUSE WINE,"Upgraded Wines Available
pinot grigio, rosé, sauvignon blanc, chardonnay, pinot noir, cabernet sauvignon, sweet riesling",
Mazzone Hospitality,https://www.mazzonehospitality.com/,Classic Menu,TOP SHELF,BEERS AND ALTERNATIVE BEVERAGES,"(choose three)
Coors Light, Heineken, Miller Lite, Modelo, Corona, Peroni,
Samuel Adams Seasonal, Blue Moon, Druther's All-In IPA,
Fiddlehead Hazy IPA, White Claw Hard Seltzer",
Mazzone Hospitality,https://www.mazzonehospitality.com/,Classic Menu,TOP SHELF,NON-ALCOHOLIC,"sodas, mixers, juices, Saratoga Water, Heineken 0.0, ginger beer",
Mazzone Hospitality,https://www.mazzonehospitality.com/,Classic Menu,BEVERAGE EHANCEMENTS,READY TO DRINK,"Upgraded Selection
Surfside, High Noon, Nutrl, Sun Chaser, Dog Fish Head | (Assorted Flavors)",
Mazzone Hospitality,https://www.mazzonehospitality.com/,Classic Menu,CRAFTED COCKTAILS,THE SPICY PINEAPPLE,"tequila blanco, jalapeño, orange liqueur, house sour, chili salt, grilled pineapple wedge, pineapple leaf",
Mazzone Hospitality,https://www.mazzonehospitality.com/,Classic Menu,CRAFTED COCKTAILS,CHERRY MANHATTAN,"rye, Carpano Antica, cherry bitters, angostura bitters, cherry cube",
Mazzone Hospitality,https://www.mazzonehospitality.com/,Classic Menu,CRAFTED COCKTAILS,ELDERFLOWER FRENCH 75,"gin, elderflower, lemon juice, prosecco, lemon twist",
Mazzone Hospitality,https://www.mazzonehospitality.com/,Classic Menu,CRAFTED COCKTAILS,JAPANESE OLD FASHIONED,"Suntory whiskey, mandarin orange, honey syrup, Sakura bitters, cherry blossom flower",
Mazzone Hospitality,https://www.mazzonehospitality.com/,Classic Menu,CRAFTED COCKTAILS,SIDECAR,"Buffalo Trace bourbon, Cointreau, lemon juice",
Mazzone Hospitality,https://www.mazzonehospitality.com/,Classic Menu,CRAFTED COCKTAILS,VANILLA BEAN GREYHOUND,"vanilla vodka, lime, simple syrup, grapefruit juice, grapefruit round",
Mazzone Hospitality,https://www.mazzonehospitality.com/,Classic Menu,CRAFTED COCKTAILS,THE TWISTED WORD,"mezcal, Liquore Strega, elderflower syrup, basil, lemon juice",
Mazzone Hospitality,https://www.mazzonehospitality.com/,Classic Menu,CRAFTED COCKTAILS,ESPRESSO MARTINI,"vodka, espresso, kahlua, espresso beans",
Mazzone Hospitality,https://www.mazzonehospitality.com/,Classic Menu,CRAFTED COCKTAILS,APEROL SPRITZ,"prosecco, Aperol, club soda, orange slice",
Mazzone Hospitality,https://www.mazzonehospitality.com/,Classic Menu,THE RIPPLE MACHINE,THE RIPPLE MACHINE,turn an ordinary drink into an innovative canvas by printing images and messages on foam,
Mazzone Hospitality,https://www.mazzonehospitality.com/,Classic Menu,THE RIPPLE MACHINE,Foam Topped Cocktails,"- Fresh egg whites
- Aquafaba | powdered or from chickpea brine (VG)",
Mazzone Hospitality,https://www.mazzonehospitality.com/,Classic Menu,THE RIPPLE MACHINE,Draft Beer,,
Mazzone Hospitality,https://www.mazzonehospitality.com/,Classic Menu,COCKTAIL AND LIBATION STATIONS,PROSECCO TOWER,"create a memorable photo-op, chilled prosecco",
Mazzone Hospitality,https://www.mazzonehospitality.com/,Classic Menu,COCKTAIL AND LIBATION STATIONS,BLOODY MARY BAR,"premium vodka, local tomato mix, poached shrimp, horseradish, garlic pickles, stuffed queen olives, celery, clam juice, crispy bacon, sweet peppers, jalapeño, hot sauces, lemons, limes, house blend spiced rimmer",
Mazzone Hospitality,https://www.mazzonehospitality.com/,Classic Menu,COCKTAIL AND LIBATION STATIONS,INTERNATIONAL CORDIAL STATION,"Anisette, B & B, Bailey's Irish Cream, Chambord, Cognac, DiSaronno, Frangelico, Grand Marnier, Sambuca, Cointreau, chocolate cups, coffee, decaffeinated coffee",
Mazzone Hospitality,https://www.mazzonehospitality.com/,Classic Menu,COCKTAIL AND LIBATION STATIONS,MARGARITA TIME,all margaritas are based with house sour,
Mazzone Hospitality,https://www.mazzonehospitality.com/,Classic Menu,COCKTAIL AND LIBATION STATIONS,TEQUILA,"blanco, reposado, anejo",
Mazzone Hospitality,https://www.mazzonehospitality.com/,Classic Menu,COCKTAIL AND LIBATION STATIONS,LIQUEURS,"triple sec, cointreau, grand marnier",
Mazzone Hospitality,https://www.mazzonehospitality.com/,Classic Menu,COCKTAIL AND LIBATION STATIONS,SYRUPS,"simple, blackberry, strawberry, watermelon, jalapeño",
Mazzone Hospitality,https://www.mazzonehospitality.com/,Classic Menu,COCKTAIL AND LIBATION STATIONS,MIX-INS,"lemon, lime, orange, grapefruit, cranberry, pineapple, watermelon *(club soda, included)",
Mazzone Hospitality,https://www.mazzonehospitality.com/,Classic Menu,COCKTAIL AND LIBATION STATIONS,RIMS,"salt, chili salt, lime salt, citrus-jalapeño salt, sugar, cranberry sugar",
Mazzone Hospitality,https://www.mazzonehospitality.com/,Classic Menu,COCKTAIL AND LIBATION STATIONS,MIMOSA AND BELLINI BAR,,
Mazzone Hospitality,https://www.mazzonehospitality.com/,Classic Menu,COCKTAIL AND LIBATION STATIONS,PROSECCO,"orange juice, peach, cranberry, grapefruit fresh fruit garnish",
Mazzone Hospitality,https://www.mazzonehospitality.com/,Classic Menu,COCKTAIL AND LIBATION STATIONS,UPGRADED SELECTIONS,"blackberry mint
raspberry lemon
orange creamsicle
tart cherry
apple cider",
Mazzone Hospitality,https://www.mazzonehospitality.com/,Classic Menu,COCKTAIL AND LIBATION STATIONS,HYDRATION STATION,"Whether you want to keep the party going or survive the morning, keep your guests hydrated with an assortment of beverages! Nutrient enhanced, fortified, energized and flavored waters.",
Mazzone Hospitality,https://www.mazzonehospitality.com/,Bakery Menu,CAKE STYLE,OMBRE,"(requires buttercream frosting)
Ombre colors: yellow, pink, purple, blue, green",
Mazzone Hospitality,https://www.mazzonehospitality.com/,Bakery Menu,CAKE STYLE,ROSETTES,,
Mazzone Hospitality,https://www.mazzonehospitality.com/,Bakery Menu,CAKE STYLE,SWIRL,,
Mazzone Hospitality,https://www.mazzonehospitality.com/,Bakery Menu,CAKE STYLE,TALL TIER,,
Mazzone Hospitality,https://www.mazzonehospitality.com/,Bakery Menu,CAKE STYLE,ROMANTIC,Custom designs are available starting at $20.,
Mazzone Hospitality,https://www.mazzonehospitality.com/,Bakery Menu,CAKE STYLE,RUSTIC,,
Mazzone Hospitality,https://www.mazzonehospitality.com/,Bakery Menu,CAKE STYLE,DRIP,"(Drip available in white chocolate, gold, or silver)",
Mazzone Hospitality,https://www.mazzonehospitality.com/,Bakery Menu,FLAVOR,Yellow,,
Mazzone Hospitality,https://www.mazzonehospitality.com/,Bakery Menu,FLAVOR,Chocolate,,
Mazzone Hospitality,https://www.mazzonehospitality.com/,Bakery Menu,FLAVOR,Red Velvet,requires buttercream frosting,
Mazzone Hospitality,https://www.mazzonehospitality.com/,Bakery Menu,FLAVOR,Marble,,
Mazzone Hospitality,https://www.mazzonehospitality.com/,Bakery Menu,FLAVOR,Almond,,
Mazzone Hospitality,https://www.mazzonehospitality.com/,Bakery Menu,FLAVOR,Sponge,,+$25
Mazzone Hospitality,https://www.mazzonehospitality.com/,Bakery Menu,FLAVOR,Carrot,,+$25
Mazzone Hospitality,https://www.mazzonehospitality.com/,Bakery Menu,FILLING,Vanilla Pastry Cream,,
Mazzone Hospitality,https://www.mazzonehospitality.com/,Bakery Menu,FILLING,Chocolate Pastry Cream,,
Mazzone Hospitality,https://www.mazzonehospitality.com/,Bakery Menu,FILLING,Chocolate Mousse,,
Mazzone Hospitality,https://www.mazzonehospitality.com/,Bakery Menu,FILLING,Raspberry Mousse,,
Mazzone Hospitality,https://www.mazzonehospitality.com/,Bakery Menu,FILLING,Lemon Mousse,,
Mazzone Hospitality,https://www.mazzonehospitality.com/,Bakery Menu,FILLING,Mocha Mousse,,
Mazzone Hospitality,https://www.mazzonehospitality.com/,Bakery Menu,FILLING,Cream Cheese,,
Mazzone Hospitality,https://www.mazzonehospitality.com/,Bakery Menu,FILLING,Vanilla Buttercream,,
Mazzone Hospitality,https://www.mazzonehospitality.com/,Bakery Menu,FILLING,Chocolate Buttercream,,
Mazzone Hospitality,https://www.mazzonehospitality.com/,Bakery Menu,FILLING,Raspberry Preserves,,
Mazzone Hospitality,https://www.mazzonehospitality.com/,Bakery Menu,FILLING,Fresh Strawberries,,+$30
Mazzone Hospitality,https://www.mazzonehospitality.com/,Bakery Menu,FILLING,Cannoli,,+$50
Mazzone Hospitality,https://www.mazzonehospitality.com/,Bakery Menu,FROSTING,Non-Dairy Whipped Cream,,
Mazzone Hospitality,https://www.mazzonehospitality.com/,Bakery Menu,FROSTING,Vanilla Buttercream,,+$50
Mazzone Hospitality,https://www.mazzonehospitality.com/,Bakery Menu,FROSTING,Chocolate Buttercream,,+$50
Mazzone Hospitality,https://www.mazzonehospitality.com/,Bakery Menu,FROSTING,Fondant,,+$1.50 per person
Mazzone Hospitality,https://www.mazzonehospitality.com/,Bakery Menu,TIER II,SPRING AND SUMMER FLORAL,"(requires buttercream frosting)
Optional flower colors:",
Mazzone Hospitality,https://www.mazzonehospitality.com/,Bakery Menu,TIER II,FALL RIBBON,"(Orange ribbon is $15 upcharge. Any other
colors must be provided by client.)
(requires buttercream frosting)",
Mazzone Hospitality,https://www.mazzonehospitality.com/,Bakery Menu,TIER II,WINTER SNOWFLAKE,"(Cake topper not included)
(requires buttercream frosting)",
Mazzone Hospitality,https://www.mazzonehospitality.com/,Bakery Menu,CELEBRATION THEME CAKES,Groom Cakes,,
Mazzone Hospitality,https://www.mazzonehospitality.com/,Bakery Menu,CELEBRATION THEME CAKES,Birthday Parties,,
Mazzone Hospitality,https://www.mazzonehospitality.com/,Bakery Menu,CELEBRATION THEME CAKES,Baby/Bridal Showers,,
Mazzone Hospitality,https://www.mazzonehospitality.com/,Bakery Menu,CELEBRATION THEME CAKES,Holiday Parties,,
Mazzone Hospitality,https://www.mazzonehospitality.com/,Bakery Menu,CELEBRATION THEME CAKES,Anniversary Celebrations,,
Mazzone Hospitality,https://www.mazzonehospitality.com/,Bakery Menu,CELEBRATION THEME CAKES,Graduation Parties,,
Mazzone Hospitality,https://www.mazzonehospitality.com/,Bakery Menu,EXAMPLES,Splash,(Cake topper not included),
Mazzone Hospitality,https://www.mazzonehospitality.com/,Bakery Menu,EXAMPLES,Golf,,
Mazzone Hospitality,https://www.mazzonehospitality.com/,Bakery Menu,EXAMPLES,Chocolatier,,
Mazzone Hospitality,https://www.mazzonehospitality.com/,Bakery Menu,EXAMPLES,Casino Night,,
Mazzone Hospitality,https://www.mazzonehospitality.com/,Bakery Menu,EXAMPLES,Tuxedo,,
Mazzone Hospitality,https://www.mazzonehospitality.com/,Bakery Menu,EXAMPLES,Gingerbread House,,
Mazzone Hospitality,https://www.mazzonehospitality.com/,Bakery Menu,EXAMPLES,Reindeer,,
Mazzone Hospitality,https://www.mazzonehospitality.com/,Holiday Menu,PASSED BITES,PASSED BITES,,
Mazzone Hospitality,https://www.mazzonehospitality.com/,Holiday Menu,STATIONS,STATIONS,,
Mazzone Hospitality,https://www.mazzonehospitality.com/,Holiday Menu,PLATED DINNERS,PLATED DINNERS,,
Mazzone Hospitality,https://www.mazzonehospitality.com/,Holiday Menu,BUFFET,BUFFET,,
Mazzone Hospitality,https://www.mazzonehospitality.com/,Holiday Menu,SWEET ENDINGS,SWEET ENDINGS,,
Mazzone Hospitality,https://www.mazzonehospitality.com/,Holiday Menu,GREETING COCKTAILS,EARL GREY NEGRONI,"Bombay London Dry Gin, Campari, sweet vermouth, earl grey tea, maple syrup",
Mazzone Hospitality,https://www.mazzonehospitality.com/,Holiday Menu,GREETING COCKTAILS,SPICED BOURBON PEAR,"Bulleit Bourbon, pear puree, Grey Goose La Poire, Drambuie, cinnamon, nutmeg",
Mazzone Hospitality,https://www.mazzonehospitality.com/,Holiday Menu,GREETING COCKTAILS,POMEGRANATE FRENCH 75,"Bombay Sapphire Gin, lemon juice, pomegranate syrup, Prosecco",
Mazzone Hospitality,https://www.mazzonehospitality.com/,Holiday Menu,TIER I,BRULEED FIGS (GF),"caramelized black mission figs, ricotta-feta mousse, wrapped in prosciutto di parma D.O.P.",
Mazzone Hospitality,https://www.mazzonehospitality.com/,Holiday Menu,TIER I,BRUSSELS SPROUT FRITTERS (V),"shaved red onion, pecorino, walnut crema, balsamic syrup",
Mazzone Hospitality,https://www.mazzonehospitality.com/,Holiday Menu,TIER I,HOLIDAY BISCUIT,"roasted turkey, brioche stuffing, cranberry orange compote",
Mazzone Hospitality,https://www.mazzonehospitality.com/,Holiday Menu,TIER I,BUTTERNUT SQUASH APPLE BRUSCHETTA (V),"cinnamon mascarpone, fried sage",
Mazzone Hospitality,https://www.mazzonehospitality.com/,Holiday Menu,TIER II,DUCK RILLETTE CROSTINI,"toasted baguette, pickled cherries, balsamic vinegar",
Mazzone Hospitality,https://www.mazzonehospitality.com/,Holiday Menu,TIER II,CAVIAR AND NEW POTATO CROQUETTES,"American sturgeon caviar, dill, crème fraîche",
Mazzone Hospitality,https://www.mazzonehospitality.com/,Holiday Menu,TIER II,LOBSTER BISQUE SHOOTER (GF),"tarragon cream, old bay grissini, sherry reduction",
Mazzone Hospitality,https://www.mazzonehospitality.com/,Holiday Menu,GRAZING STATION,CHEESE AND SALUMI,"variety of domestic and international cheeses made from cow, sheep and goats milk, fire roasted red pepper and pimento cheese, old world artisanal charcuterie, dried fruits, local honey, nuts, berries, mediterranean olives, garlic toasts, crackers, flatbreads GF - with crackers and bread omitted V - with meats omitted",
Mazzone Hospitality,https://www.mazzonehospitality.com/,Holiday Menu,GRAZING STATION,HUMMUS TRIO,"sweet potato hummus (GF, V, VG), garlic white bean hummus (GF, V, VG), cliantro-lime hummus (GF, V, VG), toasted pita (V, VG), flatbread crackers (V, VG)",
Mazzone Hospitality,https://www.mazzonehospitality.com/,Holiday Menu,GRAZING STATION,"FARM STAND VEGETABLE CRATE (GF, V, VG)","selections inspired by the growing seasons, heirloom carrots, radishes, beets, pole beans, pea pods, tomatoes, radicchio, romaine leaf, asparagus, cucumber, peppers",
Mazzone Hospitality,https://www.mazzonehospitality.com/,Holiday Menu,GRAZING STATION,DIPS,"cucumber tzatziki ranch (GF, V) caramelized onion and sour cream (GF, V)",
Mazzone Hospitality,https://www.mazzonehospitality.com/,Holiday Menu,GRAZING STATION,"SARATOGA KETTLE CHIP ""NACHOS""","flash fried potato chips, slow cooked pulled short rib, banana vinegar peppers, tomato, red onion, Vermont cheddar",
Mazzone Hospitality,https://www.mazzonehospitality.com/,Holiday Menu,UPGRADED SELECTIONS,DUCK CONFIT MAC AND CHEESE,"slow cooked Long Island duck, jalapeño corn, crumb topping",
Mazzone Hospitality,https://www.mazzonehospitality.com/,Holiday Menu,UPGRADED SELECTIONS,LOADED POTATO SKINS,"crispy russet skins, ADK cheddar, smoked bacon, green onion, sour cream",
Mazzone Hospitality,https://www.mazzonehospitality.com/,Holiday Menu,UPGRADED SELECTIONS,BAKED BRIE EN CROUTE (V),"caramelized apples, puff pastry, fig syrup",
Mazzone Hospitality,https://www.mazzonehospitality.com/,Holiday Menu,UPGRADED SELECTIONS,DEVILED EGGS (GF),"horseradish, dijon mustard, candied bacon lardons, mustard seed",
Mazzone Hospitality,https://www.mazzonehospitality.com/,Holiday Menu,UPGRADED SELECTIONS,QUESO POLLO FUNDIDO DIP,"grilled chicken, green onion, jack and cheddar, corn, jalapeño, adobo spice, corn and flour tortilla chips",
Mazzone Hospitality,https://www.mazzonehospitality.com/,Holiday Menu,HOLIDAY STATIONS,CARVING BOARD,"*chef fee applies
(choose one)
served with garlic whipped potatoes, cipollini onion,
charred asparagus, ciabatta rolls, whipped butter",
Mazzone Hospitality,https://www.mazzonehospitality.com/,Holiday Menu,TIER I,TURKEY ROULADE,"apple cherry sage sausage stuffing, cranberry aioli,
herb pan gravy",
Mazzone Hospitality,https://www.mazzonehospitality.com/,Holiday Menu,TIER II,PORCHETTA,"(GF)
pork belly wrapped loin, fennel, rosemary garlic,
dragoncello sauce, herb fennel sauce",
Mazzone Hospitality,https://www.mazzonehospitality.com/,Holiday Menu,TIER II,PRIME RIB OF BEEF,"(GF)
garlic herb crust, shallot Au Jus, horseradish aioli",
Mazzone Hospitality,https://www.mazzonehospitality.com/,Holiday Menu,HOLIDAY STATIONS,FEAST OF THE FISHES,(choose two),
Mazzone Hospitality,https://www.mazzonehospitality.com/,Holiday Menu,TIER I,ICELANDIC COD,"francaise, tomato basil lemon butter",
Mazzone Hospitality,https://www.mazzonehospitality.com/,Holiday Menu,TIER I,FRIED CALAMARI,"vinegar peppers, spicy red sauce",
Mazzone Hospitality,https://www.mazzonehospitality.com/,Holiday Menu,TIER I,PEI MUSSELS,"(GF)
chorizo, white wine tomato broth",
Mazzone Hospitality,https://www.mazzonehospitality.com/,Holiday Menu,TIER II,SEAFOOD FRA DIAVOLO,"shrimp, clams, mussels, sea scallops, spicy tomato sauce,
bucatini pasta, grilled ciabatta",
Mazzone Hospitality,https://www.mazzonehospitality.com/,Holiday Menu,TIER II,LINE CAUGHT SWORD FISH,"tomato, caper, olive oil vinaigrette",
Mazzone Hospitality,https://www.mazzonehospitality.com/,Holiday Menu,HOLIDAY STATIONS,MEATBALL SHOP,"(choose two) portuguese rolls
ITALIAN
tomato basil sauce, grated pecorino
GARDEN VEGETABLE (G, V, VG)
tahini
BUFFALO CHICKEN
blue cheese dressing
CHINESE SESAME PORK
ginger garlic plum glaze",
Mazzone Hospitality,https://www.mazzonehospitality.com/,Holiday Menu,HOLIDAY STATIONS,GERMAN HOLIDAY MARKET,"(choose three)
BRATWURST or KIELBASA
carmelized onions, stone ground mustard, potato roll
SPAETZLE
thyme brown butter
SOFT PRETZELS
beer cheese, mustard dip
POTATO PANCAKES
sour cream, apple sauce
CARAWAY BRAISED CABBAGE WITH APPLES",
Mazzone Hospitality,https://www.mazzonehospitality.com/,Holiday Menu,HOLIDAY STATIONS,PUB GRUB WALK AWAY CONES,"individually composed
(choose two)
CONEY ISLAND PRETZEL DOG
sea salt, dijon mustard
CACIO E PEPE PASTA BITES (V)
breaded and fried, tomato basil sauce, pecorino
FRITES
(choose one)
duck fat fries, roasted garlic aioli
truffle parmesan fries, rosemary aioli
classic fries, spicy ketchup
sweet potato fries, maple mayo
PEPPERONI CALZONE
mozzarella, pepperoni, pizza sauce
PHILLY CHEESESTEAK EGG ROLL
shaved sirloin, fried onion, mushrooms, cheese dip
JAJU PIEROGI (V)
potato and cheese, caramelized onions, green onion sour cream",
Mazzone Hospitality,https://www.mazzonehospitality.com/,Holiday Menu,TIER I,FALLEN APPLE (V),"wild field greens, dried cranberries, raw sugar cinnamon brie toast, roasted apple vinaigrette",
Mazzone Hospitality,https://www.mazzonehospitality.com/,Holiday Menu,TIER I,SPINACH AND GOAT CHEESE (V),"shaved cipollini, cranraisins, goat cheese, marcona almonds, pomegranate vinaigrette",
Mazzone Hospitality,https://www.mazzonehospitality.com/,Holiday Menu,TIER I,"BUTTERNUT RUM BISQUE (GF, V)",cinnamon spuma,
Mazzone Hospitality,https://www.mazzonehospitality.com/,Holiday Menu,TIER II,"WINTER CHOPPED (GF,V,VG)","baby kale, radicchio, romaine, roasted butternut, toasted pepitas, red onion, apple sherry vinaigrette",
Mazzone Hospitality,https://www.mazzonehospitality.com/,Holiday Menu,TIER II,BURRATA AND PRESERVED FIG CROSTADA (V),"winter greens, honey pastry crust, almond crumble vinaigrette",
Mazzone Hospitality,https://www.mazzonehospitality.com/,Holiday Menu,TIER II,"WHITE SALAD (GF,V)","cauliflower, endive, fennel, shaved Spanish onion, pomegranate, poppy seed yogurt dressing, pink peppercorn grind",
Mazzone Hospitality,https://www.mazzonehospitality.com/,Holiday Menu,TIER II,FRENCH ONION SHORT RIB SOUP,"short rib, onion broth, everything spice three cheese crouton",
Mazzone Hospitality,https://www.mazzonehospitality.com/,Holiday Menu,TIER I,POTATO WRAPPED HALIBUT,"florentine creme fraiche veloute, saffron gastrique",
Mazzone Hospitality,https://www.mazzonehospitality.com/,Holiday Menu,TIER I,FAROE ISLAND SALMON,"pan roasted, brown butter green onion couscous, braised butter leeks, red verjus glaze",
Mazzone Hospitality,https://www.mazzonehospitality.com/,Holiday Menu,TIER I,STATLER CHICKEN BREAST (GF),"toasted garlic brussels sprouts, cippolini confit potatoes, pancetta wild mushroom hunter's sauce",
Mazzone Hospitality,https://www.mazzonehospitality.com/,Holiday Menu,TIER I,SHORT RIB (GF),"boneless, slow cooked, pan toasted asiago polenta cake, herb heirloom carrots, cippolini onion jus",
Mazzone Hospitality,https://www.mazzonehospitality.com/,Holiday Menu,TIER II,PRIME HANGER STEAK (GF),"white bean vegetable ragout, pressed rosemary fingerlings, red chimichurri, au poivre pan jus",
Mazzone Hospitality,https://www.mazzonehospitality.com/,Holiday Menu,TIER II,RACK OF LAMB (GF),"roasted garnet potatoes, swiss chard gratin, blackberry apple cider jus",
Mazzone Hospitality,https://www.mazzonehospitality.com/,Holiday Menu,TIER II,GARLIC SHRIMP,"pecorino pancetta white grits, charred asparagus, stewed tomato garic sauce",
Mazzone Hospitality,https://www.mazzonehospitality.com/,Holiday Menu,TIER II,CHILEAN SEA BASS (GF),"miso and brown sugar rubbed, farro-shiitake pilaf, truffle english pea puree",
Mazzone Hospitality,https://www.mazzonehospitality.com/,Holiday Menu,VEGETARIAN,"FARCI SQUASH (GF, V, VG)","autumn quinoa tabbouleh stuffed delicata, charred apple sauce, butternut purée, apple walnut salad, pickled mustard seed",
Mazzone Hospitality,https://www.mazzonehospitality.com/,Holiday Menu,VEGETARIAN,"CARROT OSSO BUCCO (GF, V, VG)","heritage carrots, mushroom broth, sweet corn stone milled polenta, mushroom cooking jus",
Mazzone Hospitality,https://www.mazzonehospitality.com/,Holiday Menu,VEGETARIAN,"SHEPHERD'S PIE (GF, V, VG)","root vegtables, cannellini beans, foraged mushrooms, miso velouté, thyme potato crust",
Mazzone Hospitality,https://www.mazzonehospitality.com/,Holiday Menu,SALADS,"rolls, butter",,
Mazzone Hospitality,https://www.mazzonehospitality.com/,Holiday Menu,SALADS,SPINACH AND GOAT CHEESE (V),"shaved cipollini, cranraisins, goat cheese, 
marcona almonds, pomegranate vinaigrette",
Mazzone Hospitality,https://www.mazzonehospitality.com/,Holiday Menu,SALADS,"WINTER CHOPPED (V,VG)","baby kale, radicchio, romaine, roasted butternut,
toasted pepitas, red onion, apple sherry vinaigrette",
Mazzone Hospitality,https://www.mazzonehospitality.com/,Holiday Menu,SALADS,BLT CAESAR,"romaine, preserved tomato, smoked bacon,
Caesar dressing, pecorino",
Mazzone Hospitality,https://www.mazzonehospitality.com/,Holiday Menu,MAINS,SLOW COOKED SHORT RIB (GF),cippolini onion jus,
Mazzone Hospitality,https://www.mazzonehospitality.com/,Holiday Menu,MAINS,ROASTED LOIN OF PORK (GF),blackberry apple cider jus,
Mazzone Hospitality,https://www.mazzonehospitality.com/,Holiday Menu,MAINS,TURKEY ROULADE,"apple cherry sausage stuffing, herb pan gravy",
Mazzone Hospitality,https://www.mazzonehospitality.com/,Holiday Menu,MAINS,STATLER CHICKEN BREAST (GF),pancetta wild mushroom hunter's sauce,
Mazzone Hospitality,https://www.mazzonehospitality.com/,Holiday Menu,MAINS,ICELANDIC COD (GF),"herb and potato chip crusted, lemon white veloute",
Mazzone Hospitality,https://www.mazzonehospitality.com/,Holiday Menu,MAINS,FAROE ISLAND SALMON (GF),red verjus glaze,
Mazzone Hospitality,https://www.mazzonehospitality.com/,Holiday Menu,SIDES,COUSCOUS,green onion brown butter,
Mazzone Hospitality,https://www.mazzonehospitality.com/,Holiday Menu,SIDES,"ROASTED BUTTERNUT SQUASH (GF,V)",thyme maple glaze,
Mazzone Hospitality,https://www.mazzonehospitality.com/,Holiday Menu,SIDES,"STONE GROUND POLENTA (GF,V)",parmesan,
Mazzone Hospitality,https://www.mazzonehospitality.com/,Holiday Menu,SIDES,"HERBED HEIRLOOM CARROTS (GF,V)",za'atar,
Mazzone Hospitality,https://www.mazzonehospitality.com/,Holiday Menu,SIDES,"SWISS CHARD GRATIN (GF,V)",pecorino cream,
Mazzone Hospitality,https://www.mazzonehospitality.com/,Holiday Menu,SIDES,"HARICOT VERTS (GF,V)",shiitake,
Mazzone Hospitality,https://www.mazzonehospitality.com/,Holiday Menu,SIDES,MAC AND CHEESE (V),crumb topping,
Mazzone Hospitality,https://www.mazzonehospitality.com/,Holiday Menu,SIDES,"CHARRED ASPARAGUS (GF,V)",,
Mazzone Hospitality,https://www.mazzonehospitality.com/,Holiday Menu,SIDES,"GARLIC MASHED POTATOES (GF,V)",,
Mazzone Hospitality,https://www.mazzonehospitality.com/,Holiday Menu,SIDES,PENNE (V),tomato basil sauce,
Mazzone Hospitality,https://www.mazzonehospitality.com/,Holiday Menu,COOKIES AND COCOA,CHAI SPICED SUGAR,,
Mazzone Hospitality,https://www.mazzonehospitality.com/,Holiday Menu,COOKIES AND COCOA,RUSSIAN TEA COOKIES,,
Mazzone Hospitality,https://www.mazzonehospitality.com/,Holiday Menu,COOKIES AND COCOA,EGGNOG GINGERBREAD THUMBPRINTS,,
Mazzone Hospitality,https://www.mazzonehospitality.com/,Holiday Menu,COOKIES AND COCOA,SUGAR COOKIE CUTOUTS,,
Mazzone Hospitality,https://www.mazzonehospitality.com/,Holiday Menu,COOKIES AND COCOA,GINGERBREAD BLONDIE,,
Mazzone Hospitality,https://www.mazzonehospitality.com/,Holiday Menu,COOKIES AND COCOA,PEPPERMINT MOCHA BROWNIE,,
Mazzone Hospitality,https://www.mazzonehospitality.com/,Holiday Menu,COOKIES AND COCOA,LINZER BAR,,
Mazzone Hospitality,https://www.mazzonehospitality.com/,Holiday Menu,SMALL BITES OF CHRISTMAS,RUDOLPH RICE KRISPY TREATS,,
Mazzone Hospitality,https://www.mazzonehospitality.com/,Holiday Menu,SMALL BITES OF CHRISTMAS,CARAMEL CHOCOLATE PETIT FOUR,,
Mazzone Hospitality,https://www.mazzonehospitality.com/,Holiday Menu,SMALL BITES OF CHRISTMAS,EGGNOGG SHOOTER,,
Mazzone Hospitality,https://www.mazzonehospitality.com/,Holiday Menu,SMALL BITES OF CHRISTMAS,PEPPERMINT MOCHA TRUFFLE,,
Mazzone Hospitality,https://www.mazzonehospitality.com/,Holiday Menu,SMALL BITES OF CHRISTMAS,MINI CHEESECAKE WITH CHERRY ROSEMARY JAM,,
Mazzone Hospitality,https://www.mazzonehospitality.com/,Holiday Menu,SMALL BITES OF CHRISTMAS,MAPLE MASCARPONE SHOOTER,,
Mazzone Hospitality,https://www.mazzonehospitality.com/,Holiday Menu,SMALL BITES OF CHRISTMAS,VEGAN CHOCOLATE PETIT FOUR,,
Mazzone Hospitality,https://www.mazzonehospitality.com/,Holiday Menu,SMALL BITES OF CHRISTMAS,MINI PANNETONE,,
Mazzone Hospitality,https://www.mazzonehospitality.com/,Holiday Menu,LET THEM EAT CUPCAKES,PEPPERMINT MOCHA,"chocolate cupcake, mint glaze, crushed candy cane",
Mazzone Hospitality,https://www.mazzonehospitality.com/,Holiday Menu,LET THEM EAT CUPCAKES,GINGERBREAD MAN,"gingerbread cake, orange buttercream, candied pecans",
Mazzone Hospitality,https://www.mazzonehospitality.com/,Holiday Menu,LET THEM EAT CUPCAKES,HOT COCOA,"chocolate cake, chocolate ganache filling, marshmallow buttercream, toasted marshmallows",
Mazzone Hospitality,https://www.mazzonehospitality.com/,Holiday Menu,LET THEM EAT CUPCAKES,WHITEOUT AVALANCHE,"white cake, white chocolate ganache filling and frosting, sparkling sugar",
Mazzone Hospitality,https://www.mazzonehospitality.com/,Holiday Menu,LET THEM EAT CUPCAKES,APPLE PIE,"apple cupcake, caramel buttercream, pie crumbs",
Mazzone Hospitality,https://www.mazzonehospitality.com/,Holiday Menu,LET THEM EAT CUPCAKES,BUTTERED RUM,"spiced rum cake, meringue buttercream, spiced rum caramel",
Mazzone Hospitality,https://www.mazzonehospitality.com/,Holiday Menu,MINI PIES AND TARTS,PUMPKIN SPICE,"fresh cream, cinnamon sugar",
Mazzone Hospitality,https://www.mazzonehospitality.com/,Holiday Menu,MINI PIES AND TARTS,APPLE CRUMB,"diced apple filling, streusel crumbs",
Mazzone Hospitality,https://www.mazzonehospitality.com/,Holiday Menu,MINI PIES AND TARTS,CHOCOLATE CREAM,"dark chocolate custard, fresh cream, chocolate shavings",
Mazzone Hospitality,https://www.mazzonehospitality.com/,Holiday Menu,MINI PIES AND TARTS,MAPLE WALNUT,"toasted walnuts, maple cream, white chocolate",
Mazzone Hospitality,https://www.mazzonehospitality.com/,Holiday Menu,MINI PIES AND TARTS,EGGNOG BRULEE,"eggnog custard, bruleed sugar top",
Mazzone Hospitality,https://www.mazzonehospitality.com/,Holiday Menu,MINI PIES AND TARTS,CRANBERRY ALMOND,"almond frangipan, sugared cranberry",
