Website URL,
https://www.15churchrestaurant.com/,1
https://www.30parkcp.com/,1
https://42fusion.com/,1
https://550waterfrontbydruthers.com/,0
https://www.saratogaspagolf.com/dining/restaurant,1
https://www.9mapleave.com/,1
https://www.9mileseast.com/,1
https://alaturcogyro.business.site,0
https://amigoscantina.net/,1
https://andysadkgrille.com/,1
https://baileyscafe.com/,1
https://bocabistro.com/,1
https://www.ihg.com/holidayinn/hotels/us/en/saratoga-springs/sgany/hoteldetail/dining,0
https://beneluxny.com/,1
https://saratogabreadbasket.com/,1
https://www.burgerfi.com/,1
https://burnthillscafe.shop/,1
https://beerwinepizza.com/,1
http://www.cantinasaratoga.com/,1
https://www.cardonasmarket.com/location/cardonas-market-saratoga/,1
https://www.carsonswoodside.com/,1
https://www.chezpierrerestaurant.com/,1
https://chiantiristorante.com/,
https://thecoatroom.com/,
https://www.thecocknbull.com/,
https://www.coffeeplanetcafe.com/,
https://www.vanpattengolf.com/mixed-breed-brewing,
https://www.countrycornercafe.net/,
https://www.crackerbarrel.com/Locations/States/ny/clifton-park/293,
http://www.dairyhaus.com/,
https://www.dizzychickenbarbecue.com/,
https://www.druthersbrewing.com/,
http://dunningstreetstation.com,
https://www.eateddiefs.com/,
https://esperantosaratoga.com/,
http://www.fatpaulies.com/,
https://www.fornobistro.com/,
https://wanderlog.com/place/details/1235169/four-seasons-natural-foods-cafe,
http://www.franklinsqmarket.com/,
http://www.hamletandghost.com/,
http://harusaratoga.com/,
http://harveyspub.com/,
https://hattiesrestaurants.com/,
https://www.henrystreettaproom.com/,
http://www.hillsandhollowsny.com/,
http://www.horseshoesaratoga.com/,
https://humptydumptyicecream.weebly.com/,
https://www.jacobandanthony.com/,
http://www.karavallisaratoga.com/,
http://www.kickstartcoffeecompany.com/,
http://www.kindredsaratoga.com/,
https://www.kingbrothersdairy.com/,
https://www.saratoga.com/business/kings-tavern-16325/,
http://krucoffee.com/,
https://www.lake-ridge.com/,
https://www.lakesidefarmscidermill.com/,
https://saratogacasino.com/dining/lucky-joes/,
https://mamamiassaratoga.com/,
https://marinosofsaratoga.com/,
https://www.mazzonehospitality.com/,
https://morrisseyslounge.com/,
https://www.mortons.com/location/mortons-the-steakhouse-saratoga-springs-ny/,
http://www.mouzonhouse.com/,
http://www.nkmilton.com/,
http://www.novesaratoga.com/,
http://www.oldebryaninn.com/,
http://panzasrestaurant.com/,
https://www.partingglasspub.com/,
https://dzrestaurants.com/dz-restaurants-announces-sale-of-pasta-pane-in-clifton-park/,
http://www.pennellsrestaurant.com/,
https://philafusion.com/,
https://primeatsaratoganational.com/prime-restaurant/,
http://www.putnammarket.com/,
https://www.gideonputnam.com/,
https://ravenswoodpub.com/,
https://www.rhea-saratoga.com/,
http://www.saltandcharsaratoga.com/,
http://www.saratogagolfpoloclub.org/,
http://scallionsrestaurant.com/,
https://seneca-saratoga.com/,
http://www.simplyfoodbymaura.com/,
https://sirossaratoga.com/,
https://speckledpigbrewing.com/,
http://spotcoffee.com/,
http://www.springstreetdeli.net/,
https://www.sushithaigardensaratoga.com/,
http://www.sweetmimiscafe.com/,
https://www.tavernanovo.com/,
http://www.thebasingrill.com/,
http://thebrooktavern.com/,
https://www.diamondclubrestaurantsaratoga.com/,
https://www.theendzonesportspub.com/,
https://www.theflats675.com/,
https://chamber.saratoga.org/list/member/the-galway-local-13586,
https://www.gideonputnam.com/,
http://www.hideawaysaratoga.com/,
http://www.theinnatsaratoga.com/,
https://www.ironsedgeny.com/,
https://www.thekettlerestaurant.com/,
https://www.thelocalpubandteahouse.com/,
http://www.themercsaratoga.com/,
http://www.themisfitsaratoga.com/,
http://www.saratoganightowl.com/,
http://www.saratogacitytavern.com/,
https://www.theinnatsaratoga.com/food-and-drinks,
http://thesiloqueensbury.com/,
https://spacafeonbroadway.com/,
https://the-twisted-bagel-company.com-place.com/,
https://chamber.saratoga.org/list/member/the-ugly-rooster-cafe-malta-13151,
http://www.thewestsidesportsbar.com/,
https://www.thewhistlingkettle.com/,
https://www.windchillfactory.com/ballston-spa-homepage,
http://www.thirstyowlsaratoga.com/,
https://www.thornandroots.com/,
http://www.uncommongrounds.com/,
https://villagepizzeria.com/,
https://www.westavepizza.com/,
http://www.wheatfields.com/,
https://www.scottystruckstop.com/,
http://www.wishingwellrestaurant.com/,